filename,camera_id,datetime,s1_x1,s1_y1,s1_x2,s1_y2,s1_pixel_length,s1_snow_depth,s2_x1,s2_y1,s2_x2,s2_y2,s2_pixel_length,s2_snow_depth,s3_x1,s3_y1,s3_x2,s3_y2,s3_pixel_length,s3_snow_depth,s4_x1,s4_y1,s4_x2,s4_y2,s4_pixel_length,s4_snow_depth,s5_x1,s5_y1,s5_x2,s5_y2,s5_pixel_length,s5_snow_depth
CC1_20251120_13.jpg,CC1,11/20/2025 12:50,444.30666342012375,258.0266370132549,472.1164358859038,1086.2811175369482,828.7212245092866,-1.658652203770174,1325.9921039248154,503.15609712535417,1346.6887545887926,1169.4720654560103,666.6373234384097,-0.1466439545980336,1814.034212524636,544.9413347703708,1817.361821013068,1406.3123741026411,861.3774668393687,8.792793369902625,,,,,,,,,,,,
CC1_20251127_13.jpg,CC1,11/27/2025 12:00,431.733468005881,293.77570223555153,452.3285909291102,1088.747447072199,795.2384762930217,5.600079971424549,1309.0857045354446,545.0362018989479,1324.1887946791462,1179.3659879344077,634.5095592531926,8.61964061661925,1793.7575973287717,591.718480524934,1793.7575973287717,1473.189741639144,881.4712611142102,4.011651415629359,,,,,,,,,,,,
CC1_20251205_10.jpg,CC1,12/05/2025 09:00,427.7860694455954,299.9027513052122,446.1157288472695,1124.737424380542,825.0383108202113,-0.8602325543230904,1305.3185133007378,554.2267755034388,1321.3569652772026,1241.5890030662135,687.5493173742965,-5.852627375564055,1793.3456948703074,602.3421314328331,1795.1446805424234,1419.9832006362776,817.6430482781593,19.199014343835444,,,,,,,,,,,,
CC1_20251219_11.jpg,CC1,12/19/2025 10:00,443.49392281981136,289.8336371923425,436.5578344981259,900.4141920573097,610.6199499692239,45.62356993431269,1318.179268383651,560.1942031005206,1311.314227409241,1039.6028978134668,479.4578452314148,50.92658237994698,1809.029698053947,616.2587043915332,1785.002054643513,1307.3394958154468,691.4983643675245,49.21403451893559,,,,,,,,,,,,
CC1_20251226_11.jpg,CC1,12/26/2025 10:00,458.1551752714016,290.00600812132257,450.1995939338695,740.8222839148091,450.88646663514646,80.25222608416146,1355.2301024336969,565.2280433931769,1328.8683450919636,945.8259150144524,381.509740547721,77.65240599837749,1876.2841697836263,626.5989670966317,1824.351406116101,1205.7160254434589,581.4409507511742,75.40122994965478,,,,,,,,,,,,
CC1_20260102_12.jpg,CC1,01/02/2026 11:00,477.9910914063147,294.77405320295,449.26260324300426,905.8068975995136,611.7078248342949,45.38772930872625,1369.3280403549315,569.6123787249585,1331.6372460552038,1042.5581843963796,474.445287759436,52.2942936522168,1880.224184407898,629.41449412303,1810.155942216614,1332.3647367667054,706.4337210217097,45.6602975131394,,,,,,,,,,,,
CC1_20260109_12.jpg,CC1,01/09/2026 11:00,498.6294783898514,298.58123091763844,465.2577514309152,866.8540671326666,569.2518674014992,54.59176543669346,1383.2482760372357,572.1901934444872,1340.050429473724,1017.3584368776624,447.2592300993947,59.712199126233614,1892.11414116584,630.2464041540021,1813.4398289115795,1322.5763301196407,696.7857445415108,47.95594882181615,,,,,,,,,,,,
CC1_20260116_13.jpg,CC1,01/16/2026 12:00,471.0644319217699,307.73104334134416,436.002662602936,1087.966825655522,781.0231774225298,8.68181766585684,1345.1549573523143,580.7371297293812,1305.3770506646538,1208.3441019124705,628.8662762410441,10.159449752269351,1842.427080052091,638.0361658722337,1775.1148162471477,1505.0849090027723,869.6576704789037,6.822591601664442,,,,,,,,,,,,
CC1_20260123_13.jpg,CC1,01/23/2026 12:00,454.6759343664538,326.24102925333545,427.7330322366784,1147.0448744509822,821.2459267883264,-0.0380808057528838,1328.9412861523165,599.0644319217702,1298.9752631142787,1259.0064224745176,660.6219746810115,1.4946859150582554,1830.881993744802,655.9782679422601,1772.048955574177,1499.0130930494058,845.0852280828378,12.6693885605589,,,,,,,,,,,,
CC1_20260131_10.jpg,CC1,01/31/2026 09:00,459.862973398525,311.3587884312585,425.4948620203862,1159.1055357586806,848.443112226108,-5.934164476568896,1330.5217949780397,586.3036794563684,1299.198608694051,1275.7753146782318,690.1827857709084,-6.571187597835262,1830.164419951568,648.3672320285808,1774.4753505888427,1471.7699004631554,825.283725049552,17.38098237978346,,,,,,,,,,,,
CC1_20260207_10.jpg,CC1,02/07/2026 09:00,466.7365956741527,309.0675810060493,430.0772768708047,1131.6110466561695,823.3599811375559,-0.4963871020505337,1337.307021905472,582.7236678544788,1308.3779254102865,1251.4531381883248,669.3549111771827,-0.8881567261682619,1838.0207529564864,643.5030815600553,1778.1476371125405,1473.5869650623515,832.2403761240598,15.725708325583838,,,,,,,,,,,,
CC1_20260214_11.jpg,CC1,02/14/2026 10:00,459.8043378175555,312.5854212130416,430.1182333821348,1094.4349097170432,782.4128625415865,8.380547530504373,1330.3335947339292,586.8164379539339,1300.5103956612618,1205.3025243828954,619.2047014591707,12.795677827641327,1829.587206512608,648.0902517528164,1770.4421245781004,1472.8065732786197,826.8344161366844,17.012009048346044,,,,,,,,,,,,
CC1_20260221_13.jpg,CC1,02/21/2026 12:00,418.62123974475855,304.4851661556306,391.1267506422474,1003.3034308444516,699.3589307313543,26.385827240922765,1289.280061324273,581.72126460595,1261.2127703654596,1146.0583823651282,565.0346496477038,27.576354337817065,1791.3263918089708,642.0398384397678,1735.0468265149211,1429.8011409888763,789.7691176942509,25.83137143490441,,,,,,,,,,,,
CC1_20260228_13.jpg,CC1,02/28/2026 12:00,432.3684842960139,306.7763735808401,398.0003729178753,891.0342670091985,585.2678473255157,51.11965771002669,1305.3185133007378,586.3036794563684,1268.6591944973898,1039.9627496477997,455.1378446383902,57.56246419050646,1802.5105245711447,645.8750725118089,1747.5215463661225,1324.072470373747,680.4230288509758,51.84931338023674,,,,,,,,,,,,
CC1_20260308_10.jpg,CC1,03/08/2026 10:00,409.45641004392144,309.0675810060493,372.7970912405734,1028.5067125217531,720.3725214159657,21.8302864043834,1282.406439048645,584.0124720311592,1241.1647053948786,1165.9791580343085,583.4261771743331,22.558097758605925,1775.0160354686336,645.8750725118089,1706.279812712356,1447.797671335046,804.8630460036138,22.239903695780384,,,,,,,,,,,,
CC1_20260315_10.jpg,CC1,03/15/2026 10:00,404.873995193503,311.3587884312585,365.92346896494576,826.8804591033395,516.9910409533371,65.92140122379612,1280.115231623436,600.050924007624,1243.455912820088,1010.1770531200794,411.7612748133219,69.39806384872328,1777.307242893843,657.3311096378551,1722.3182646888208,1273.665907019143,618.7829750300712,66.5160230795484,,,,,,,,,,,,
CC1_20260322_11.jpg,CC1,03/22/2026 11:00,400.29158034308455,313.64999585646774,359.0498466893181,996.429808568824,684.024234396917,29.710239351919995,1275.5328167730172,597.7597165824147,1227.4174608436233,1143.0670837822158,547.4259878728731,32.38100053562215,1762.8262678440433,661.6480437925286,1699.053934974172,1424.7675401845872,765.7795219339147,31.539485153347727,,,,,,,,,,,,
CC1_20260329_11.jpg,CC1,03/29/2026 11:00,432.3684842960139,315.94120328167696,377.3795060909921,884.1606447335707,570.8739978033107,54.24010343858214,1303.0273058755283,597.7597165824147,1250.3295350957155,1037.6715422225905,443.0569595246576,60.85881796628189,1786.47207259468,659.6223170630643,1717.7358498384024,1314.9076406729096,658.8805078747284,56.97516713545846,,,,,,,,,,,,
CC1_20260405_12.jpg,CC1,04/05/2026 12:00,409.45641004392144,318.2324107068862,359.0498466893181,955.1880749150577,638.9470555500623,39.48253063306777,1291.571268749482,597.7597165824147,1236.5822905444602,1097.242935278031,502.50101838958017,44.63909184173952,1771.0522407299984,664.3400750132746,1704.8069988858506,1391.4377794965767,730.1092410946987,40.02691534738614,,,,,,,,,,,,
CC1_20260412_12.jpg,CC1,04/12/2026 12:00,411.74761746913066,311.3587884312585,352.1762244136902,1094.9517278528217,785.8540866992366,7.634523806470327,1284.6976464738543,600.050924007624,1225.126253418414,1195.7648545620286,598.6850907840814,18.39459673875527,1757.9398221043618,663.9607607524651,1689.6773984144088,1499.5973453772003,838.4200975950653,14.255297850259096,,,,,,,,,,,,
CC1_20260419_13.jpg,CC1,04/19/2026 13:00,402.58278776829377,313.64999585646774,349.88501698848097,1101.8253501284494,789.9350885528034,6.749802538365913,1282.1518604458442,596.9959807740114,1226.7810143366207,1201.9383856799536,607.4711876724988,15.997248913673983,1755.6533290977231,664.5359198180528,1690.2776028286512,1501.5293730375774,839.5427483562427,13.988172956829544,,,,,,,,,,,,
CC1_20260426_13.jpg,CC1,04/26/2026 13:00,398.0003729178753,315.94120328167696,349.88501698848097,1140.7758763570066,826.236845815713,-1.120063213346441,1273.2416093478082,602.3421314328331,1222.8350459932049,1253.04504019226,652.6523554674421,3.6692521110631446,1756.6863760669598,661.9135244882737,1697.1149830115191,1489.0394049888123,829.2683359832072,16.432879187037628,,,,,,,,,,,,
CC1_20260504_10.jpg,CC1,05/04/2026 10:00,391.1267506422474,320.5236181320954,343.0113947128533,1147.6494986326345,828.5241756702119,-1.6159339436370033,1267.9591033396869,608.4520179000576,1224.9989641170134,1270.3563851827298,663.2970412944007,0.7647753291631147,1759.1278555841,670.4613546587109,1696.913490726162,1481.0896675659667,813.0122316924515,20.300876498769213,,,,,,,,,,,,
CC2_20251124_14.jpg,CC2,11/24/2025 13:00,871.799898323968,248.09051430870352,859.9476381540287,1194.4967995655825,946.4804978682132,-1.388154109884198,1126.9632865267918,168.79849648934325,1146.057226951948,788.849799652989,620.3452241420858,1.63993504715134,1306.0737748701276,512.9591997940583,1340.835990452353,1173.993077056056,661.947277749682,0.4050200883881985,,,,,,,,,,,,
CC2_20251202_14.jpg,CC2,12/02/2025 13:00,869.4600283542472,246.58960203109208,862.7905043039655,1102.5958705822848,856.0322507651182,20.62836365196219,1125.0019884988365,164.37244384421993,1143.9633633015353,774.9942599725292,610.9161448727994,5.004548037251112,1305.3989241494164,513.0211866016809,1340.781464418169,1173.2197897453502,661.1460653658328,0.6236099054776787,,,,,,,,,,,,
CC2_20251210_14.jpg,CC2,12/10/2025 13:00,872.0809624243558,247.15588524137365,859.2651941852728,1040.936253539921,793.8838183334733,35.756263974260435,1126.1167351429044,165.67593725181035,1146.4100214880837,803.2693316961634,637.916259480631,-4.630002033783285,1305.3759780020005,509.9724628234137,1340.8453563697842,1173.5930903496878,664.5678400887022,-0.3099317195281799,,,,,,,,,,,,
CC2_20251218_14.jpg,CC2,12/18/2025 13:00,897.9927488190935,235.6216540979528,870.2648959973483,1038.180699428192,803.037891424489,33.52801943380112,1129.853323366096,153.90683565862503,1146.406759357632,682.2925125084482,528.6449089352622,34.36169535158771,1307.30615719536,497.5561668429085,1333.6592272938844,1013.3082613439911,516.4249289934322,40.10698206286378,,,,,,,,,,,,
CC2_20251226_14.jpg,CC2,12/26/2025 13:00,1132.0777740946382,277.88170216292326,953.872752133919,885.6881163503767,633.3921904945078,74.82243593574356,1170.5171699480234,161.48042328584222,1159.2608334737788,564.7221240396549,403.3987783046063,79.05373219258522,1327.4437431477827,500.4947923924959,1330.7544303460895,856.7247349303466,356.24532643986424,83.80779189737551,,,,,,,,,,,,
CC2_20260103_14.jpg,CC2,01/03/2026 13:00,1219.578561365708,322.3162757934864,940.0282726996492,1020.6395265324168,752.1992597815181,45.90293738306377,1183.1667978028336,179.43491304433434,1158.8388668889768,687.3980436938594,508.545367024237,41.53388872036902,1314.4595579160705,509.6141411447648,1335.15135290549,992.8825085643246,483.7111383131991,49.03208315371453,,,,,,,,,,,,
CC2_20260111_14.jpg,CC2,01/11/2026 13:00,1257.3531712296733,340.0691737569688,957.0076285992473,1009.8874077184744,734.0735055328419,50.3150294151844,1194.977372052679,181.26593138794647,1161.7172275141302,683.4734159941422,503.30765423268446,43.40288101469332,1315.0364759426143,509.55904464242894,1333.3432518743734,977.526004398026,468.32490160988897,53.22981490932477,,,,,,,,,,,,
CC2_20260119_13.jpg,CC2,01/19/2026 12:00,1248.365147177105,322.65704864654685,903.4310457945296,1120.2225460333811,868.9592953174005,17.481718856634103,1178.5094237274757,160.33514250499388,1154.0103384600025,779.4336485884344,619.5830577200209,1.9119016910898097,1311.5990490994236,496.70096185300224,1344.7059210824957,1120.4344300140729,624.6114826648169,10.591114041757464,,,,,,,,,,,,
CC2_20260127_13.jpg,CC2,01/27/2026 12:00,1221.6569699161237,310.6345143793519,885.6416338116403,1148.0432084970903,902.307944707008,9.364136093719935,1174.836679776464,157.55273214288587,1154.6184969834687,796.9608736440894,639.7277126508387,-5.276389522251122,1312.20720762289,495.6883385981372,1345.976217045623,1148.5558541043106,653.7402686087161,2.644087610481165,,,,,,,,,,,,
CC2_20260204_13.jpg,CC2,02/04/2026 12:00,1210.2291145039444,302.01375140484333,866.977065783458,1197.2150944678726,958.7530514020084,-4.37548555647416,1169.038868657486,157.8478909422388,1152.5369911012522,786.5438585010911,628.9124991504323,-1.4171571629792652,1313.9793416395023,493.9497381643018,1343.5371569459887,1162.3377552561387,669.0412586960912,-1.5303868383770125,,,,,,,,,,,,
CC2_20260212_13.jpg,CC2,02/12/2026 12:00,1208.7069341009897,303.9488995718324,891.6277069537871,1139.0954951341346,893.3135353097315,11.553515994324812,1170.76645880839,156.50499283433527,1154.228350072402,780.6001842263313,624.3142773949476,0.2236431959972549,1312.589554391428,495.3293039721972,1344.1955815112667,1120.3208332686245,625.7901826032321,10.269536630904495,,,,,,,,,,,,
CC2_20260220_13.jpg,CC2,02/20/2026 12:00,1212.430589063331,301.9402982915368,898.9747251276087,1120.1876749771468,876.2324737697026,15.711313484403206,1172.5919864437012,155.5968885023657,1156.7374733051415,756.118760861971,600.7311251875892,8.638906022648854,1313.0019090652395,495.2366096353664,1345.4466436086495,1091.8224427703178,597.4674192764961,17.99666089890013,,,,,,,,,,,,
CC2_20260228_14.jpg,CC2,02/28/2026 13:00,1242.3945462325569,310.5659980320031,947.478530607355,1007.3199830389352,756.5986861575195,44.83204820553479,1171.45777659052,150.3152326187705,1157.641958742646,654.1348951852294,504.0090566759552,43.15259700450332,1307.0827003329,487.0678097150993,1336.3424311734946,974.9650083100696,488.7737802354827,47.65087388375173,,,,,,,,,,,,
CC2_20260308_14.jpg,CC2,03/08/2026 14:00,1255.1569937698036,322.1512049297785,920.4862462673292,1083.9800575066367,832.0983775085956,26.454242677139888,1169.3439815896822,156.2460480482098,1154.0883349798828,735.9606192205877,579.915268623837,16.06670458009529,1299.9704556860893,494.73070720313433,1340.0165280368128,1050.6083305477005,557.3182394699843,28.95031319772656,,,,,,,,,,,,
CTRL1_20251121_10.jpg,CTRL1,11/21/2025 09:00,1081.9672656320563,220.85371144071064,920.82949831605,935.0086683619456,732.1083816968347,-1.3227161570264343,1370.8710733051328,176.99372743753702,1193.5241814662145,1057.053841240341,897.751482288684,-0.1951649880399202,1868.5865439498384,443.9675431090267,1597.7988166258988,1071.3560099370277,683.3317507463368,-0.6683226573159686,,,,,,,,,,,,
CTRL1_20251126_10.jpg,CTRL1,11/26/2025 09:00,1083.9123605748057,218.26025151704448,919.151377188972,921.2404472966014,722.0300113600065,1.262894031880478,1366.7520487204863,175.69699747570417,1192.3800079704793,1050.3032176155043,891.8192916182911,1.284626963998818,1867.9000398523967,442.06058728280186,1596.0444172657717,1062.660291369442,677.5318975844507,0.9118013946218468,,,,,,,,,,,,
CTRL1_20251201_11.jpg,CTRL1,12/01/2025 10:00,1089.4043933543337,218.26025151704448,923.2704017736176,926.7324800761291,727.6904574048069,-0.1892958041798635,1372.2440815000143,175.69699747570417,1193.7530161653613,1054.4222422001503,896.6700151785701,0.0746082567629287,1873.3920726319247,443.4335954776839,1596.0444172657717,1070.8983405387337,686.027498159972,-1.4027576865036622,,,,,,,,,,,,
CTRL1_20251206_13.jpg,CTRL1,12/06/2025 12:00,1089.4043933543337,218.26025151704448,924.6434099684996,928.105488271011,728.7156110504028,-0.452299407208983,1372.2440815000143,179.81602206034995,1193.7530161653613,1048.9302094206223,887.2533635186772,2.4236031080256737,1873.3920726319247,440.6875790879199,1598.7904336555353,1062.660291369442,679.8941939385512,0.2682124652591255,,,,,,,,,,,,
CTRL1_20251211_14.jpg,CTRL1,12/11/2025 13:00,1092.2362227562776,219.71049142288848,924.5198392309608,927.6935858125466,727.5773823067665,-0.1602863397690725,1373.5964945719738,176.17755034391303,1193.9658324355682,1052.3352697439298,894.3822024413288,0.6453058395696019,1879.495094058176,447.456509488688,1593.5524073920617,1063.333065384934,679.0192575770275,0.5065819463769969,,,,,,,,,,,,
CTRL1_20251216_15.jpg,CTRL1,12/16/2025 14:00,1113.3153310682023,214.6698350874285,928.1857711112956,883.7024032485291,694.1739920438358,8.409367614329256,1372.4959528435377,172.6882127258608,1200.0356463449446,1020.965332142452,865.6307692332214,7.817384728281212,1878.4876228096832,440.5261177561088,1608.634303840594,1042.6045133805396,659.7872446753739,5.746191520078469,,,,,,,,,,,,
CTRL1_20251222_10.jpg,CTRL1,12/22/2025 09:00,1142.642786110881,220.1687329079307,992.3395790171544,683.9091157702826,487.4896888755499,61.43431334451636,1380.2420961360797,169.62875150778507,1241.094803763595,815.1486038664548,660.3467640291367,59.025721692130816,1888.2631543545783,442.6776107205651,1696.0415168203604,858.3818441423169,457.99472444680265,60.72296520974595,,,,,,,,,,,,
CTRL1_20251227_11.jpg,CTRL1,12/27/2025 10:00,1195.1475014502362,230.2201090209292,1008.1618749021668,709.7648729777261,514.7104090398349,54.450826029214056,1393.0253992369765,161.96416765651003,1246.7638369924298,814.30956020245,668.5409155512713,56.98168094058198,1904.4594070963867,446.2018652032326,1700.7965248555645,868.8023458529389,469.11590875603633,57.693086638244495,,,,,,,,,,,,
CTRL1_20260101_13.jpg,CTRL1,01/01/2026 12:00,1225.126253418414,240.331358249772,992.3395790171544,770.0585149581503,578.6194745539947,38.05492813755802,1392.7917212231705,170.06766387668836,1231.7439089568836,892.0278307229086,739.7045899197728,39.229818524291886,1915.9239039846448,452.702950194746,1666.6490220753058,939.7613187481012,547.1415000973433,36.43563233659512,,,,,,,,,,,,
CTRL1_20260106_13.jpg,CTRL1,01/06/2026 12:00,1236.9833838912436,243.40857165462643,992.7537210451524,776.3670432335787,586.2532393443026,36.0964825395219,1396.720462295394,169.97495461724156,1233.1890681350114,885.0933215131842,733.5780773359836,40.75808430657747,1917.968342385674,449.6275065247223,1671.8182260581193,932.3499136417952,541.8586550946379,37.87490161090889,,,,,,,,,,,,
CTRL1_20260111_14.jpg,CTRL1,01/11/2026 13:00,1249.287659233688,248.12336629015715,991.4845218348544,794.0594219582752,603.7455047709624,31.60883441758662,1396.3656645926744,170.6028408416688,1227.811454747935,911.4801635177688,759.8090081804048,34.21474770214422,1922.2038062556287,450.54730949973055,1662.1392378269811,950.7226431527824,563.7454604224506,31.912014869943363,,,,,,,,,,,,
CTRL1_20260118_13.jpg,CTRL1,01/18/2026 12:00,1231.76023849908,242.25535184385285,927.1513318986964,934.2521827642,756.0728800744574,-7.47081839046001,1375.4638044661142,169.21889826156462,1193.408496639104,1065.5194743715124,914.6031149318331,-4.398824605473266,1914.0440901210195,449.4737357649626,1603.7225426886157,1067.8181525006414,691.8448384638194,-2.987645971749032,,,,,,,,,,,,
CTRL1_20260127_11.jpg,CTRL1,01/27/2026 10:00,1232.4581171790833,242.1643241899394,924.5198392309604,935.0254495732162,758.2100778102572,-8.019117376973725,1371.7635286318057,170.67865252341085,1203.4227203668408,1024.3794747843062,870.1400586435672,6.692537172024004,1915.7419012366145,449.80971151809774,1603.9715081535503,1065.4302744859715,690.0648198191603,-2.502693991963241,,,,,,,,,,,,
CTRL1_20260205_10.jpg,CTRL1,02/05/2026 09:00,1234.2910831192507,240.331358249772,928.1857711112953,933.1924836330488,757.467491782234,-7.82860661620316,1380.9283583326428,172.51161846357832,1204.9636280765726,1026.6737465815863,872.0989206536011,6.203896735689085,1917.9873788016905,458.45430512969256,1604.5502030330654,1068.8319632054363,686.1514035778412,-1.4365147361178003,,,,,,,,,,,,
CTRL1_20260213_13.jpg,CTRL1,02/13/2026 12:00,1230.6251512389165,232.9994944891023,933.6846689317975,903.8650285903703,733.6444744409679,-1.7168014027157312,1379.095392392475,167.01272064307614,1199.4647302560702,1019.3418828209166,871.0523379673249,6.464968019864813,1917.9873788016905,445.62354354852073,1615.5479986740695,1034.0056103422555,661.5610592956984,5.262929777579075,,,,,,,,,,,,
CTRL1_20260222_11.jpg,CTRL1,02/22/2026 10:00,1144.4757520510484,232.9994944891023,970.3439877351452,810.3837656418331,603.0708647566547,31.78191359969051,1281.9481975636031,141.35119748073248,1221.460321538079,889.2013010690313,750.2923167560151,36.58869759052757,1846.5017071351613,350.309314659816,1659.5391812380872,874.5375735476921,556.5700796004294,33.86689053700283,,,,,,,,,,,,
CTRL1_20260303_10.jpg,CTRL1,03/03/2026 09:00,1159.1394795723877,240.331358249772,968.511021794978,837.8782547443441,627.2172689147585,25.5871433610424,1292.9459932046077,145.0171293610672,1221.460321538079,918.5287561117096,776.8078513841374,29.9743662369298,1848.3346730753287,359.4741443606529,1655.8732493577522,903.8650285903703,577.4104557867051,28.18909512663464,,,,,,,,,,,,
CTRL1_20260311_11.jpg,CTRL1,03/11/2026 11:00,1159.1394795723877,236.66542636943723,988.6736471368192,779.2233446589873,568.7070376974787,40.59796802164013,1285.2621980976585,143.4988508604731,1225.8664171339651,849.7835759601485,708.7778013633124,46.94454236765464,1850.856887010488,354.6281935121498,1676.4705440917842,845.9648969181333,521.3658530345261,43.45800320382117,,,,,,,,,,,,
CTRL1_20260320_10.jpg,CTRL1,03/20/2026 10:00,1102.317535427198,222.001698848098,942.8494986326344,891.0342670091986,687.7751318704029,10.05099790860018,1217.0447971050526,115.22577553106248,1219.484508715229,950.3496671362672,835.1274552561199,15.426472338884963,1797.3779370735615,276.9892627275491,1629.3560592248832,895.6152675340462,641.0378188988886,10.854324054215397,,,,,,,,,,,,
CTRL1_20260328_13.jpg,CTRL1,03/28/2026 13:00,1116.9812629485373,218.3357669677632,979.1439214386344,754.5546780475679,553.6513824728781,44.460502761720704,1222.0543382779483,110.68296179663524,1216.7506173862598,811.834863677799,701.1719610529716,48.841828194273006,1799.0991712936109,274.03756526062807,1659.0809397530456,783.1947708626834,528.0588652605322,41.63454503978949,,,,,,,,,,,,
CTRL1_20260406_11.jpg,CTRL1,04/06/2026 11:00,1130.09206099279,226.965981602718,960.3729924587716,850.6835584652358,646.39630097279,20.66675454367487,1216.3659208309164,117.17895914477492,1219.9017347587082,905.665465042402,788.4944336916911,27.05913451117493,1800.6591723985528,278.9424463412612,1641.5475456479107,861.4677909450018,603.8644606804927,20.981911041794632,,,,,,,,,,,,
CTRL1_20260415_10.jpg,CTRL1,04/15/2026 10:00,1128.2689953316203,224.10480097234856,948.826438496174,896.7934007347862,696.2108757079219,7.886804245504237,1215.6826164087734,114.47528053436427,1219.673377049622,959.1862828473636,844.7204292540368,13.033493672659064,1799.5042930940158,274.957068438365,1629.976781070758,903.262423733602,650.7743055971631,8.201695378300258,,,,,,,,,,,,
CTRL1_20260423_13.jpg,CTRL1,04/23/2026 13:00,1121.4875404711456,225.46861628418665,931.527333966742,959.768574200369,758.4730108915564,-8.086572970615066,1212.4768830824987,120.1125353657776,1220.4584043641962,1022.0244401976106,901.9472206062592,-1.2417968547794658,1798.320545159105,279.7429609997305,1618.7363163209084,943.007379508804,687.1464066031264,-1.7075954287008417,,,,,,,,,,,,
CTRL1_20260502_11.jpg,CTRL1,05/02/2026 11:00,1120.6471948288722,227.5005966686001,928.1857711112953,960.6869727355598,758.0261615997156,-7.971933595073608,1206.8616529930111,120.92833623380544,1220.2587319223496,1017.351291605409,896.5230597374497,0.1112664646933865,1800.9159063200289,278.404376217695,1615.7276518519202,944.6106504458478,691.4661881928153,-2.8844857047929224,,,,,,,,,,,,
CTRL2_20251127_17.jpg,CTRL2,11/27/2025 16:00,964.0459959669624,659.1046739040357,943.715065882158,1317.6500179553054,658.8591024564496,0.8941327673859689,1149.2105771695594,518.7237409059387,1158.8441436913472,1247.0753021800606,728.4152678344823,7.532662833120895,1652.974140100286,417.0429826308772,1612.4792489217125,1377.552139836479,961.362406841135,-0.7147154407155654,,,,,,,,,,,,
CTRL2_20251204_21.jpg,CTRL2,12/04/2025 20:00,962.1726875539326,659.4664467809644,943.2772497247024,1320.6938893987303,661.497368431341,0.163926144986874,1149.1145484010567,507.2752572826409,1160.7607719382963,1246.1539663831668,738.9704874247273,4.511833069719984,1653.0737528565635,417.4475770569055,1612.497341523544,1376.467370862478,959.8778099672631,-0.4395049607358032,,,,,,,,,,,,
CTRL2_20251212_01.jpg,CTRL2,12/12/2025 00:00,961.5299107759454,660.4100964061763,944.7347946189334,1323.375207867186,663.1778154772945,-0.3011799410652429,1149.8120024308723,492.4589348360539,1158.6515372503522,1264.150324576669,771.7420154271936,-4.86714823290194,1650.412538327671,414.9538935388522,1610.9528548935118,1381.0796911687526,966.9312920072116,-1.7470600363976132,,,,,,,,,,,,
CTRL2_20260102_13.jpg,CTRL2,01/02/2026 12:00,941.2272672025636,590.0063838015524,950.0668020220436,1091.2080080660758,501.2795682463243,44.50824162899676,1087.718002572059,434.9100611776292,1143.1356109117785,998.8907983580024,566.6969059599776,53.81532295801594,1388.8937766537383,380.35526237083,1555.9609847419129,1083.9822340014484,723.1890259292189,43.43720999626947,,,,,,,,,,,,
CTRL2_20260109_17.jpg,CTRL2,01/09/2026 16:00,932.3212590812408,586.6063451285877,943.8126543465652,1027.699132620646,441.2424496154671,61.12502781781771,1083.4773044943513,438.9861136432692,1137.39846689318,969.3582028120768,533.1060351597293,63.42879441868777,1347.779395596807,393.90448606392056,1541.3652081434216,1078.9684345736305,711.8904974552249,45.53170008924897,,,,,,,,,,,,
CTRL2_20260116_20.jpg,CTRL2,01/16/2026 19:00,939.0534487997568,583.97569956631,946.1250766553408,1124.9552305184936,541.0257487678127,33.50748412081748,1102.314746062877,415.5498222373636,1154.4925557611973,1075.445650774943,661.955457977508,26.552993956450308,1333.7132589454932,394.3922935376611,1573.1588973964222,1211.3808119322307,851.3544813776027,19.678250825903376,,,,,,,,,,,,
CTRL2_20260124_01.jpg,CTRL2,01/24/2026 00:00,941.2073229771848,582.8811392786065,950.785148515222,1178.6218877445176,595.8177356581131,18.34242037725452,1109.777052446639,425.804800454797,1162.4550929058432,1127.8594123929208,704.0281628530289,14.51208111440812,1339.6448653595307,395.1557587330782,1603.035067655553,1294.5135767547674,937.1333328306454,3.7768035738041874,,,,,,,,,,,,
CTRL2_20260131_04.jpg,CTRL2,01/31/2026 03:00,943.8252619575816,578.986156893138,950.2104789829395,1227.0856849669854,648.1309815816588,3.863410688272097,1108.665847317087,414.6998438448617,1159.8140961972992,1151.7755974956783,738.8482997093731,4.546802336262289,1337.9616512047903,393.2118148831357,1603.2674186084196,1308.8519363194878,953.3016218393872,0.7795706839473837,,,,,,,,,,,,
CTRL2_20260207_08.jpg,CTRL2,02/07/2026 07:00,951.7812423711778,587.0570712131905,951.7812423711778,1247.6971655248417,660.640094311651,0.4011983705193245,1120.319045755505,433.7096991321903,1162.5519353640611,1166.0887709265774,733.5957481931696,6.050045714411283,1338.4008122424234,394.8822586038255,1605.0474752213777,1312.0548321262636,955.1470946925318,0.4374620087627363,,,,,,,,,,,,
CTRL2_20260214_13.jpg,CTRL2,02/14/2026 12:00,948.140604463886,593.5944692443198,951.46623833126,1180.2362834490957,586.651240528894,20.879479002596582,1115.0874246060616,424.65226878172,1160.981171975823,1138.3332967201836,715.155120017288,11.327624070146785,1333.914133079272,394.7215639753536,1587.9659554757077,1240.8160299771807,883.412799240461,13.735368147340893,,,,,,,,,,,,
CTRL2_20260308_00.jpg,CTRL2,03/07/2026 23:00,921.4386910666764,598.0907262330093,946.2644148612684,1131.843787816744,534.3300920890902,35.36067591218534,1103.4939988936865,457.4116247303196,1153.1454464828712,1060.1250301879218,604.7550870939422,42.923338634294765,1788.9598169999297,358.1087295519503,1637.247060477421,1202.1833385680889,857.6005515841307,18.520371532352986,,,,,,,,,,,,
CTRL2_20260315_04.jpg,CTRL2,03/15/2026 04:00,920.47911107428,588.6825750669873,938.1581807132402,991.7653628352814,403.4703003919357,71.57942239659195,1103.4574818375186,426.0351343885528,1145.8872489710232,940.4960608822964,516.207642357031,68.2649958350191,1784.9856164194364,365.04234413414,1680.6791055495712,1010.3283859561895,653.6619340149872,56.32595082152089,,,,,,,,,,,,
CTRL2_20260322_07.jpg,CTRL2,03/22/2026 07:00,914.157390065959,561.2286299641812,937.0694643180516,1053.0744905757667,492.3792377297042,46.97163248747313,1097.4539840826992,431.3935425356572,1143.278132586884,993.5030975203264,563.9742940872362,54.59451536695141,1774.1239103278306,368.76720624660425,1654.9811242169496,1085.151394528696,726.2240072476637,42.87459351762877,,,,,,,,,,,,
CTRL2_20260405_16.jpg,CTRL2,04/05/2026 16:00,903.3085800763068,585.1327253031001,932.2751081819014,1018.4179391008228,434.2523877265736,63.05970367340865,1089.7777486177945,430.5977404227288,1140.9324640083044,964.311937663717,536.1600966533006,62.554743454597656,1763.6715534748323,363.7398915330761,1661.132949568863,1047.0359330788906,690.9469195843953,49.41416287747524,,,,,,,,,,,,
CTRL2_20260412_19.jpg,CTRL2,04/12/2026 19:00,900.6912820087842,583.0959890610757,933.6846689317975,1083.4956907267756,501.4862161692713,44.45104660647931,1093.152705726361,432.7927819673489,1146.308717991216,1024.8407806414189,594.4294696377973,45.87845787841184,1760.3523079472943,361.30711030082034,1643.0424877765809,1149.482464572802,796.8575675679117,29.78073862642356,,,,,,,,,,,,
CTRL2_20260420_00.jpg,CTRL2,04/20/2026 00:00,897.9856771912375,578.6245987679897,936.3728304006332,1106.7007660930185,529.4695572251659,36.70595147568696,1097.5635157408176,425.5332845317352,1151.661468836036,1052.4330939292654,629.2296556518552,35.91888889130047,1762.6501155585024,358.7064012964654,1641.7252792280142,1180.7831395081168,830.9229684815937,23.46578841929636,,,,,,,,,,,,
CTRL2_20260427_03.jpg,CTRL2,04/27/2026 03:00,910.4586144029172,579.0651611833928,947.5846606447336,1193.236040440872,615.2919731618922,12.952434179211082,1101.392566503688,422.0750227894257,1159.7334963122566,1122.166180492252,702.5178241045644,14.944329463688888,1770.722143034723,361.6126046241815,1621.1572138891192,1306.735667522997,956.8841476655195,0.1154519123791715,,,,,,,,,,,,
CTRL2_20260504_07.jpg,CTRL2,05/04/2026 07:00,920.9557387917462,582.1285903704317,949.9887816686052,1236.0453302735998,654.5609370442734,2.0837584071082915,1115.667200619586,426.78591755019335,1160.2862258767152,1149.1870789668526,723.777794237316,8.859875227854275,1781.9176725218365,364.0595963006268,1626.624724813209,1311.0919987204506,959.6802961617468,-0.40289039541139,,,,,,,,,,,,
CTRL2_20260511_12.jpg,CTRL2,05/11/2026 12:00,922.686873290793,581.2630231209082,952.0143283334712,1246.629659401674,666.0126577587406,-1.0857940122276943,1116.5911775508555,427.7965983137349,1166.976526021892,1172.9693835959097,746.8742620185421,2.249828254749218,1783.0921029396568,363.2679941315304,1626.632336634858,1307.330312852008,956.9395592721812,0.1051798613367225,,,,,,,,,,,,
S5-CAM-F1A_20251127_13.jpg,S5-CAM-F1A,11/27/2025 12:00,12.04952549544197,26.66364107772233,260.30676344136504,1048.7852379332026,1051.8384928072062,-0.3275104508825279,1307.6419860257276,25.693886241996097,1165.0880251739673,752.0402582009665,740.2031368566903,-4.796089470691641,1666.4512752444446,26.66364107772233,1613.1147592795005,1033.2691605615826,1008.0175870443188,-3.120479719752666,,,,,,,,,,,,
S5-CAM-F1A_20251204_14.jpg,S5-CAM-F1A,12/04/2025 13:00,17.38414684677207,29.6436976879088,266.1233529460511,1046.5101930885887,1046.84700989178,0.62076783639111,1307.4771277036548,28.35489351122851,1165.7086682688323,711.4211071517359,697.6229270226877,6.840999740844524,1670.919905527472,32.221306041269145,1620.656542636944,1036.199759675147,1005.2358633724414,-2.543391188572884,,,,,,,,,,,,
S5-CAM-F1A_20251211_15.jpg,S5-CAM-F1A,12/11/2025 14:00,8.362517610010627,30.932501864589085,259.67933206265013,1046.5101930885887,1046.2113496509642,0.7415301057732222,1304.8995193502942,29.6436976879088,1176.019101682274,653.4249192011268,636.9561793175459,23.421104864110617,1665.764688820751,30.932501864589085,1616.7901301069032,1029.755738791746,1000.0231827447096,-1.4619831977724402,,,,,,,,,,,,
S5-CAM-F1A_20251219_10.jpg,S5-CAM-F1A,12/19/2025 09:00,7.073713433330454,29.6436976879088,232.61444435236592,909.8969503604872,908.6882909689916,26.86806058923807,1304.8995193502942,28.35489351122851,1164.4198640921522,715.2875196817765,701.1497460878185,5.877126893484814,1674.7863180575123,27.06608933454845,1625.811759343665,890.5648877102841,864.8865140569343,26.57308816103153,,,,,,,,,,,,
S5-CAM-F1A_20251226_11.jpg,S5-CAM-F1A,12/26/2025 10:00,22.53936355349288,28.35489351122851,183.6398856385182,674.0457860280101,665.4848660151376,73.0716700539893,1316.498756940416,30.932501864589085,1179.8855142123148,570.9414518935939,557.0214037181294,45.26712484336662,1654.165451230629,28.35489351122851,1627.100563520345,635.381660727604,607.6298250283095,79.94283380061428,,,,,,,,,,,,
S5-CAM-F1A_20260102_13.jpg,S5-CAM-F1A,01/02/2026 12:00,17.38414684677207,29.6436976879088,206.83836081876177,788.7493577525481,782.3901215722987,50.86209478519984,1392.5382033645485,29.6436976879088,1196.6399685091574,648.269702494406,648.9023441491842,20.156241059459347,1663.1870804673908,37.37652274799007,1637.4109969337865,717.865128035137,680.976613701218,64.72651631734843,,,,,,,,,,,,
S5-CAM-F1A_20260109_14.jpg,S5-CAM-F1A,01/09/2026 13:00,17.38414684677207,28.35489351122851,188.795102345239,725.5979530952181,718.0038995736306,63.0941423260669,1404.1374409546702,30.932501864589085,1214.68322698268,628.937639844203,627.2982099781265,26.06060925460693,1663.1870804673908,28.35489351122851,1627.100563520345,668.8905693212893,641.5513920886,72.90556136840044,,,,,,,,,,,,
S5-CAM-F1A_20260116_15.jpg,S5-CAM-F1A,01/16/2026 14:00,23.82816773017305,28.35489351122851,251.9465070025689,966.604334134416,965.5827201965247,16.059298380204012,1384.805378304467,30.932501864589085,1163.1310599154722,751.3740366288223,753.7741760279861,-8.505028298031732,1674.7863180575123,28.35489351122851,1620.656542636944,839.012720643076,812.4630116363511,37.44871981238683,,,,,,,,,,,,
S5-CAM-F1A_20260124_10.jpg,S5-CAM-F1A,01/24/2026 09:00,14.806538493411663,29.6436976879088,263.5457445926908,1050.3766056186291,1050.6030944098748,-0.0928103635193906,1386.094182481147,29.6436976879088,1168.2862766221929,762.9732742189441,764.9918637932371,-11.570800725652331,1667.0534929974317,30.932501864589085,1619.3677384602638,962.7379216043756,933.024796799216,12.437312597703368,,,,,,,,,,,,
S5-CAM-F1A_20260131_11.jpg,S5-CAM-F1A,01/31/2026 10:00,16.09534267009184,29.6436976879088,264.83454876937094,1050.3766056186291,1050.6030944098748,-0.0928103635193906,1382.2277699511064,30.932501864589085,1155.398234855391,797.7709869893094,799.6829998568899,-21.05182129356617,1672.2087097041522,33.51011021794943,1619.3677384602638,1006.5572636115024,974.4808520280396,3.836956544234084,,,,,,,,,,,,
S5-CAM-F1A_20260207_13.jpg,S5-CAM-F1A,02/07/2026 12:00,18.67295102345224,28.35489351122851,258.39052788597,1047.7989972652688,1047.2491572380068,0.5443681765760005,1382.2277699511064,32.221306041269145,1148.9542139719897,797.7709869893094,800.3017342970015,-21.22092022252636,1668.3422971741115,30.932501864589085,1619.3677384602638,1005.268459434822,975.5660231965436,3.611830000558342,,,,,,,,,,,,
S5-CAM-F1A_20260214_14.jpg,S5-CAM-F1A,02/14/2026 13:00,18.67295102345224,29.6436976879088,253.23531117924915,1009.1348719648628,1007.1854155458686,8.155648631164382,1379.6501615977463,30.932501864589085,1139.9325847352284,826.124678876274,830.5390508804628,-29.48472051780365,1667.0534929974317,30.932501864589085,1615.5013259302232,973.0483550178172,943.5252549306564,10.258917230453278,,,,,,,,,,,,
S5-CAM-F1A_20260221_14.jpg,S5-CAM-F1A,02/21/2026 13:00,22.53936355349288,29.6436976879088,236.48085688240644,915.052167067208,910.8891920625686,26.44993500314706,1387.3829866578271,29.6436976879088,1174.730297505594,725.5979530952181,727.7180029539043,-1.3839264585527644,1667.0534929974317,25.777285157868164,1625.811759343665,886.6984751802435,861.90844990887,27.190908932497933,,,,,,,,,,,,
S5-CAM-F1A_20260228_15.jpg,S5-CAM-F1A,02/28/2026 14:00,26.405776083533453,30.932501864589085,219.72640258556385,823.5470705229136,815.8496914754331,44.50547007501618,1379.6501615977463,30.932501864589085,1183.7519267423554,690.8002403248527,688.3324419785259,9.380071382314412,1682.5191431175936,32.221306041269145,1630.9669760503857,799.0597911659897,768.5693776086201,46.55476907432177,,,,,,,,,,,,
S5-CAM-F1A_20260307_15.jpg,S5-CAM-F1A,03/07/2026 14:00,19.96175520013248,30.932501864589085,240.34726941244708,930.5178171873704,926.1876237669202,23.543550095018617,1389.9605950111877,29.6436976879088,1151.5318223253505,787.4605535758678,794.4398446153027,-19.618877079947964,1683.807947294274,32.221306041269145,1627.100563520345,881.5432584735227,851.2129617538837,29.40976467723337,,,,,,,,,,,,
S5-CAM-F1A_20260315_10.jpg,S5-CAM-F1A,03/15/2026 10:00,21.25055937681265,29.6436976879088,196.52792740532016,735.9083865086598,727.6894711469124,61.2540844958792,1384.805378304467,29.6436976879088,1199.217576862518,608.3167730173197,607.7049943477957,31.41539729158245,1678.652730587553,34.79891439462972,1637.4109969337865,676.6233943813704,643.1481506659399,72.57430234675078,,,,,,,,,,,,
S5-CAM-F1A_20260322_11.jpg,S5-CAM-F1A,03/22/2026 11:00,26.405776083533453,32.221306041269145,224.88161929228465,877.676845943482,868.4398253700523,34.51443475704315,1387.3829866578271,29.6436976879088,1183.7519267423554,710.1323029750558,710.3029990700765,3.375560509816239,1674.7863180575123,34.79891439462972,1628.3893676970251,770.7060992790252,737.3683352078725,53.02764914949233,,,,,,,,,,,,
S5-CAM-F1A_20260329_13.jpg,S5-CAM-F1A,03/29/2026 13:00,18.67295102345224,32.221306041269145,204.26075246540145,775.8613159857462,766.448495617467,53.890673268376815,1386.094182481147,29.6436976879088,1205.6615977459187,603.1615563105989,601.230947135451,33.18474190645071,1678.652730587553,32.221306041269145,1638.699801110467,646.9808983177259,616.0564851291774,78.19466271175874,,,,,,,,,,,,
S5-CAM-F1A_20260405_14.jpg,S5-CAM-F1A,04/05/2026 14:00,25.11697190685328,30.932501864589085,217.1487942322034,851.9007624098781,843.1281667743951,39.32312521393436,1392.5382033645485,29.6436976879088,1190.1959476257562,674.0457860280101,675.4231561876942,12.90815428727842,1676.0751222341928,34.79891439462972,1636.1221927571064,735.9083865086598,702.2469141703757,60.31383989675538,,,,,,,,,,,,
S5-CAM-F1A_20260412_15.jpg,S5-CAM-F1A,04/12/2026 15:00,25.11697190685328,27.06608933454845,246.79129029584809,992.38041766802,990.439930495094,11.336943679663904,1388.6717908345076,29.6436976879088,1151.5318223253505,793.9045744592689,800.2062561789005,-21.194826237024103,1688.9631640009948,29.6436976879088,1638.699801110467,851.9007624098781,823.7918949190104,35.09846170458397,,,,,,,,,,,,
S5-CAM-F1A_20260420_10.jpg,S5-CAM-F1A,04/20/2026 10:00,25.11697190685328,34.79891439462972,264.83454876937094,1049.087801441949,1042.2314824666,1.4976223735644112,1384.805378304467,32.221306041269145,1169.575080798873,744.9300157454212,744.4983450972231,-5.9699615974863605,1686.3855556476342,34.79891439462972,1624.5229551669845,912.4745587138476,879.8531229525656,23.46815777860684,,,,,,,,,,,,
S5-CAM-F1A_20260427_11.jpg,S5-CAM-F1A,04/27/2026 11:00,23.82816773017305,30.932501864589085,262.2569404160105,1042.643780558548,1039.426760806667,2.0304613508833143,1384.805378304467,32.221306041269145,1168.2862766221929,743.641211568741,743.6388931289271,-5.7350750324111175,1677.3639264108729,27.06608933454845,1614.2125217535431,1001.4020469047816,976.380385978998,3.44288459928606,,,,,,,,,,,,
S5-CAM-F1A_20260504_13.jpg,S5-CAM-F1A,05/04/2026 13:00,23.82816773017305,30.932501864589085,262.2569404160105,1045.2213889119084,1041.935807059228,1.5537945720157325,1387.3829866578271,30.932501864589085,1170.8638849755534,744.9300157454212,746.1052011756169,-6.409112264128567,1673.4975138808322,29.6436976879088,1618.0789342835835,996.2468301980608,968.1904950695472,5.14193622085412,,,,,,,,,,,,
S5-CAM-F1B_20251127_13.jpg,S5-CAM-F1B,11/27/2025 12:00,524.9332642744674,278.8236429932874,499.271741112124,1347.4427861108811,1068.9272130544678,-0.2196684236962198,1030.8318637606694,412.6301566255074,1028.998897820502,1220.9681362393303,808.3400578038277,2.292802950597036,1212.295491837242,322.81482555730486,1098.6516035468635,1110.9901798292865,796.3261407410406,-1.2883438159841774,,,,,,,,,,,,
S5-CAM-F1B_20251204_14.jpg,S5-CAM-F1B,12/04/2025 13:00,523.1002983343002,271.4917792326178,499.271741112124,1341.9438882903787,1070.7172913171332,-0.5503608755900586,1025.3329659401677,407.1312588050053,1032.664829700837,1230.1329659401674,823.0343651231072,-1.2830139069902486,1204.9636280765726,326.4807574376398,1105.983467307533,1116.489077649789,796.1847889970558,-1.253013546665045,,,,,,,,,,,,
S5-CAM-F1B_20251219_10.jpg,S5-CAM-F1B,12/19/2025 09:00,524.3221326060584,286.1378674125642,491.36993592889166,1238.456351382682,952.888420633284,21.21690984267605,1015.3098630958424,427.832313124381,1023.547912265134,1164.313908859057,736.5276683940735,19.76813860647411,1209.727823491126,340.50899192988913,1112.5188432934842,1037.447951651965,703.685653832416,21.866753249446987,,,,,,,,,,,,
S5-CAM-F1B_20251226_11.jpg,S5-CAM-F1B,12/26/2025 10:00,529.750997473842,288.741338854318,493.1374456103234,1104.5370413133414,816.6169116119712,46.391205504156375,1024.4916170296365,416.29380015885056,1021.0590965424318,1036.4358348471967,620.1515342110322,48.08793166582888,1196.1176413898795,369.3826868337173,1128.6114051415177,932.3160467353156,566.9665418898386,56.039115824057006,,,,,,,,,,,,
S5-CAM-F1B_20260102_13.jpg,S5-CAM-F1B,01/02/2026 12:00,526.3079887295931,267.82584735228284,494.2310847766638,1149.9407060578435,882.6978824696121,34.18365082221814,1021.2087925747908,407.589500290047,1028.0824148504184,1088.078105577194,680.5233196657074,33.39663363722235,1206.79659401674,329.6884478329325,1128.8955415596256,971.2265268915222,646.2504784184778,36.22243191715049,,,,,,,,,,,,
S5-CAM-F1B_20260109_14.jpg,S5-CAM-F1B,01/09/2026 13:00,528.5991961548024,274.6994696279105,491.9398773514544,1122.4462169553326,848.539011041537,40.49403466524405,1023.5,409.8807077152562,1023.5,1065.1660313251014,655.2853236098451,39.53822641784063,1197.6317643159032,336.5620701085602,1119.7307118587887,946.0232452142204,614.4196431878611,44.1784142746877,,,,,,,,,,,,
S5-CAM-F1B_20260116_14.jpg,S5-CAM-F1B,01/16/2026 13:00,505.6871219027099,267.82584735228284,567.5497223833596,1264.5010773183062,998.5932582218117,12.77356682198942,1028.0824148504184,364.0565592110713,1087.6538079058591,1133.902254081379,772.1471004808038,11.1002536258529,1193.0493494654847,366.3477666362805,1163.2636529377642,991.8473937184054,626.2084087566367,41.231862284996055,,,,,,,,,,,,
S5-CAM-F1B_20260131_10.jpg,S5-CAM-F1B,01/31/2026 09:00,529.2170498424993,274.5535875072044,570.4072956889576,1333.1429057611854,1059.390381811313,1.5421305841306037,1031.7380491692916,363.7991201745308,1093.523417938979,1188.977045298581,827.4877883727585,-2.36674147468446,1201.9910653346528,274.5535875072044,1160.8008194881943,1051.6762258103863,778.2134869791128,3.238837225104902,,,,,,,,,,,,
S5-CAM-F1B_20260207_11.jpg,S5-CAM-F1B,02/07/2026 10:00,521.7255738791747,272.4082622027013,569.8409298085688,1333.2373000745836,1061.9196462390155,1.074883608102169,1030.373622275628,359.47414436065264,1092.2362227562776,1182.0176100107733,824.8664947868472,-1.728857320669988,1197.6317643159032,272.4082622027013,1160.9724455125552,1053.7099941990552,782.1613018269492,2.2520976358779308,,,,,,,,,,,,
S5-CAM-F1B_20260214_13.jpg,S5-CAM-F1B,02/14/2026 12:00,526.3079887295931,270.11705477749206,569.8409298085688,1301.1603961216542,1031.9619608731325,6.609155842633584,1034.9560371260463,364.0565592110713,1083.0713930554407,1170.561572884727,807.9389980419039,2.390399674717912,1193.0493494654847,276.9906770531197,1156.3900306621367,1042.253957073009,766.14084436344,6.256343079514863,,,,,,,,,,,,
S5-CAM-F1B_20260221_14.jpg,S5-CAM-F1B,02/21/2026 13:00,530.8904035800116,272.4082622027013,569.8409298085688,1264.5010773183062,992.8571384129176,13.833236426119129,1025.7912074252094,375.51259633711743,1080.7801856302312,1124.737424380542,751.2400619513921,16.18792051557483,1193.0493494654847,286.15550675395684,1163.2636529377642,982.6825640175684,697.1636315944398,23.496905065598327,,,,,,,,,,,,
S5-CAM-F1B_20260228_15.jpg,S5-CAM-F1B,02/28/2026 14:00,519.4343664539655,265.5346399270736,558.3848926825227,1195.7648545620286,931.0453241992444,25.25212286513357,1024.3079334825006,369.0950940581751,1080.615770282589,1095.7932515676362,728.8763850014287,21.630056119367023,1182.447211403,282.7328388718544,1166.5360487279358,951.0016712245518,668.4582241185383,30.67170000231812,,,,,,,,,,,,
S5-CAM-F1B_20260308_10.jpg,S5-CAM-F1B,03/08/2026 10:00,524.0167813043839,270.11705477749206,567.5497223833596,1285.1219441451894,1015.938011100735,9.569361186598371,1032.6648297008371,364.0565592110713,1087.6538079058591,1136.1934615065882,774.092490346308,10.6268486721861,1190.7581420402753,276.9906770531197,1172.4284826386015,1003.3034308444516,726.5440060545055,16.153404991893495,,,,,,,,,,,,
S5-CAM-F1B_20260315_11.jpg,S5-CAM-F1B,03/15/2026 11:00,537.7640258556395,267.82584735228284,585.8793817850336,1143.0670837822158,876.5627812219785,35.317026784884604,1041.8296594016742,357.1829369354434,1108.2746747327424,1019.3418828209165,665.4843421738085,37.056324976728405,1206.79659401674,272.4082622027013,1188.4669346150658,888.7430595839893,616.6072971323116,43.63161944318722,,,,,,,,,,,,
S5-CAM-F1B_20260322_12.jpg,S5-CAM-F1B,03/22/2026 12:00,546.9288555564764,265.5346399270736,595.0442114858707,1241.5890030662135,977.2395854032748,16.718365531955186,1053.2856965277206,354.8917295102342,1117.4395044335793,1083.4956907267756,731.4228895579199,21.010371657679144,1220.5438385679954,274.6994696279105,1193.0493494654847,946.0232452142204,671.8865667644103,29.81480028829756,,,,,,,,,,,,
S5-CAM-F1B_20260329_14.jpg,S5-CAM-F1B,03/29/2026 14:00,542.3464407060579,267.82584735228284,588.1705892102428,1149.9407060578435,883.304294416859,34.07162451706978,1055.5769039529296,357.1829369354434,1105.983467307533,1019.3418828209165,664.0747632950544,37.39934188846365,1215.961423717577,270.11705477749206,1193.0493494654847,891.0342670091985,621.3398004249586,42.448750302918114,,,,,,,,,,,,
S5-CAM-F1B_20260405_15.jpg,S5-CAM-F1B,04/05/2026 15:00,544.6376481312672,254.07860280102727,590.4617966354521,1198.056061987238,945.0890413277403,22.6577383916802,1048.7032816773017,350.3093146598157,1108.2746747327424,1051.418786773846,703.6357315817467,27.7722955617256,1213.670216292368,263.24343250186416,1188.4669346150658,927.6935858125464,664.9279747776407,31.55407086285004,,,,,,,,,,,,
S5-CAM-F1B_20260413_09.jpg,S5-CAM-F1B,04/13/2026 09:00,549.2200629816856,251.78739537581805,597.33541891108,1289.704358995608,1039.0316216775775,5.303132796468816,1060.159318803348,341.14448495897864,1122.0219192839977,1129.3198392309605,790.5993741586144,6.609946608021716,1215.961423717577,258.6610176514457,1186.1757271898568,996.429808568824,738.3698101692211,13.197595374624314,,,,,,,,,,,,
S5-CAM-F1B_20260420_11.jpg,S5-CAM-F1B,04/20/2026 11:00,544.6376481312672,254.07860280102727,597.33541891108,1324.072470373747,1071.2907783082928,-0.656304745861604,1055.5769039529296,348.01810723460653,1117.4395044335793,1156.8143283334714,811.1586211105891,1.6069137849831634,1218.2526311427864,254.07860280102727,1186.1757271898568,1021.6330902461256,768.2244587126299,5.735552503899612,,,,,,,,,,,,
S5-CAM-F1B_20260427_12.jpg,S5-CAM-F1B,04/27/2026 12:00,512.5607441783376,242.62256567498093,562.9673075329412,1317.1988480981188,1075.7578762786509,-1.4815399389129027,1023.5,338.8532775337694,1078.4889782050222,1147.6494986326345,810.6633795773905,1.7274293686381554,1183.8845197646474,249.49618795060883,1151.8076158117185,1023.924297671335,775.0921396149122,4.019004769607108,,,,,,,,,,,,
S5-CAM-F1B_20260504_13.jpg,S5-CAM-F1B,05/04/2026 13:00,507.9783293279192,244.91377310019016,556.0936852573135,1310.3252258224911,1066.497375087279,0.2292108749540489,1021.2087925747908,336.5620701085602,1080.7801856302312,1159.1055357586806,824.6978257242325,-1.6878121958916663,1181.5933123394384,249.49618795060883,1144.9339935360904,1026.2155050965443,777.5839525625345,3.3961866843783355,,,,,,,,,,,,
S5-CAM-F1B_20260511_15.jpg,S5-CAM-F1B,05/11/2026 15:00,505.6871219027099,240.3313582497717,560.6761001077319,1312.6164332477003,1073.6941230105276,-1.1002897765186788,1025.7912074252094,334.27086268335097,1087.6538079058591,1161.3967431838898,829.4360756152462,-2.840851496595405,1188.4669346150658,249.49618795060883,1147.2252009612994,1026.2155050965443,777.8134597848102,3.3388223268889874,,,,,,,,,,,,
S5-CAM-F2A_20251127_14.jpg,S5-CAM-F2A,11/27/2025 13:00,395.7091654926661,24.95786028010229,324.6817353111793,1028.5067125217531,1006.0592401413156,1.3088153658529222,,,,,,,924.9780807160024,73.07321620949665,941.0165326924672,1207.220891688075,1134.261073005357,1.044015159514231,,,,,,,,,,,,
S5-CAM-F2A_20251204_15.jpg,S5-CAM-F2A,12/04/2025 14:00,398.0003729178753,31.83148255573019,329.26415016159774,1033.089127372172,1003.6142384512927,1.7868292438185165,,,,,,,931.2470788099776,71.74728598657452,942.8982928648376,1210.7001325930223,1139.0124396080505,0.2147867944057964,,,,,,,,,,,,
S5-CAM-F2A_20251212_09.jpg,S5-CAM-F2A,12/12/2025 08:00,400.29158034308455,29.54027513052074,333.8465650120164,1026.2155050965443,998.8876083374806,2.7109164539141943,,,,,,,931.8517029916304,66.19959393386875,943.3077401176764,1214.0945139637026,1147.95208446038,-1.3453974021462043,,,,,,,,,,,,
S5-CAM-F2A_20251226_12.jpg,S5-CAM-F2A,12/26/2025 11:00,402.58278776829377,27.24906770531152,331.55535758680696,852.0837407806413,827.8871503686189,36.14262833417351,,,,,,,927.2692881412116,59.32597165824109,934.1429104168396,1019.3418828209165,960.040518086966,31.44971482524116,,,,,,,,,,,,
S5-CAM-F2A_20260102_13.jpg,S5-CAM-F2A,01/02/2026 12:00,407.1652026187122,29.54027513052074,331.55535758680696,936.8584155133836,910.4631000395156,19.998488193104947,,,,,,,936.4341178420487,70.78200878428743,941.0165326924672,1094.9517278528217,1024.1799705045894,20.255829420341826,,,,,,,,,,,,
S5-CAM-F2A_20260109_15.jpg,S5-CAM-F2A,01/09/2026 14:00,404.873995193503,27.24906770531152,329.26415016159774,920.8199635369187,896.7640684946347,22.676738772588408,,,,,,,938.725325267258,68.49080135907798,943.3077401176764,1097.242935278031,1028.76233969205,19.45609519072306,,,,,,,,,,,,
S5-CAM-F2A_20260117_09.jpg,S5-CAM-F2A,01/17/2026 08:00,407.1652026187122,34.12268998093941,320.09932046076085,1033.089127372172,1002.753414788538,1.9551259198319144,,,,,,,936.4341178420487,73.07321620949665,941.0165326924672,1216.385721388912,1143.3216883386283,-0.5372813111529524,,,,,,,,,,,,
S5-CAM-F2A_20260124_10.jpg,S5-CAM-F2A,01/24/2026 09:00,411.74761746913066,24.95786028010229,324.6817353111793,1028.5067125217531,1007.318602365447,1.0626017853155645,,,,,,,941.0165326924672,70.78200878428743,936.4341178420487,1214.0945139637026,1143.3216883386283,-0.5372813111529524,,,,,,,,,,,,
S5-CAM-F2A_20260131_10.jpg,S5-CAM-F2A,01/31/2026 09:00,414.0388248943401,29.54027513052074,322.3905278859701,1030.7979199469628,1005.4433259253864,1.429230637569049,,,,,,,941.0165326924672,70.78200878428743,943.3077401176764,1204.9296842628655,1134.149989827151,1.0634018602168285,,,,,,,,,,,,
S5-CAM-F2A_20260207_12.jpg,S5-CAM-F2A,02/07/2026 11:00,409.45641004392144,24.95786028010229,329.26415016159774,1028.5067125217531,1006.7477824065816,1.1742008338033258,,,,,,,941.0165326924672,70.78200878428743,938.725325267258,1211.8033065384934,1141.0235981609485,-0.1362090049602216,,,,,,,,,,,,
S5-CAM-F2A_20260214_13.jpg,S5-CAM-F2A,02/14/2026 12:00,414.0388248943401,31.83148255573019,331.55535758680696,1017.0506753957072,988.6659599274816,4.709315807011961,,,,,,,941.0165326924672,70.78200878428743,936.4341178420487,1193.4736471368194,1122.700990180624,3.0615291471399075,,,,,,,,,,,,
S5-CAM-F2A_20260221_13.jpg,S5-CAM-F2A,02/21/2026 12:00,409.45641004392144,29.54027513052074,329.26415016159774,957.4792823402668,931.3976592446662,15.905644466252056,,,,,,,931.8517029916304,68.49080135907798,931.8517029916304,1149.9407060578435,1081.4499046987655,10.260841057460368,,,,,,,,,,,,
S5-CAM-F2A_20260228_15.jpg,S5-CAM-F2A,02/28/2026 14:00,423.203654595177,27.24906770531152,329.26415016159774,909.3639264108724,887.1027304897433,24.565593763936704,,,,,,,945.5989475428856,68.49080135907798,929.5604955664209,1081.204483301566,1012.8406752966196,22.23481062997033,,,,,,,,,,,,
S5-CAM-F2A_20260308_09.jpg,S5-CAM-F2A,03/08/2026 09:00,411.74761746913066,29.54027513052074,322.3905278859701,1017.0506753957072,991.544996503276,4.146445260126001,,,,,,,941.0165326924672,70.78200878428743,943.3077401176764,1184.3088174359823,1113.5291658584852,4.662234275512361,,,,,,,,,,,,
S5-CAM-F2A_20260315_10.jpg,S5-CAM-F2A,03/15/2026 10:00,418.62123974475855,29.54027513052074,331.55535758680696,904.781511560454,879.5610779151954,26.04003634127304,,,,,,,934.1429104168396,68.49080135907798,931.8517029916304,1069.7484461755198,1001.2602663318032,24.25587202054757,,,,,,,,,,,,
S5-CAM-F2A_20260322_11.jpg,S5-CAM-F2A,03/22/2026 11:00,416.3300323195493,27.24906770531152,329.26415016159774,1012.4682605452888,989.0588080474276,4.632511421136456,,,,,,,943.3077401176764,70.78200878428743,938.725325267258,1177.4351951603546,1106.6626737367462,5.8606031896079,,,,,,,,,,,,
S5-CAM-F2A_20260329_13.jpg,S5-CAM-F2A,03/29/2026 13:00,402.58278776829377,27.24906770531152,324.6817353111793,939.1496229385928,915.2219384437268,19.06810405083982,,,,,,,936.4341178420487,63.90838650865953,934.1429104168396,1133.902254081379,1069.9963206827824,12.259768427708307,,,,,,,,,,,,
S5-CAM-F2A_20260405_14.jpg,S5-CAM-F2A,04/05/2026 14:00,418.62123974475855,27.24906770531152,326.9729427363885,1007.8858456948702,984.9100977704906,5.443611509994014,,,,,,,936.4341178420487,77.6556310599151,941.0165326924672,1193.4736471368194,1115.8274255133094,4.2611323914598245,,,,,,,,,,,,
S5-CAM-F2A_20260412_15.jpg,S5-CAM-F2A,04/12/2026 15:00,420.9124471699678,29.54027513052074,320.09932046076085,1023.924297671335,999.4813008762782,2.594845665927465,,,,,,,945.5989475428856,73.07321620949665,943.3077401176764,1214.0945139637026,1141.0235981609485,-0.1362090049602216,,,,,,,,,,,,
S5-CAM-F2A_20260420_10.jpg,S5-CAM-F2A,04/20/2026 10:00,414.0388248943401,34.12268998093941,326.9729427363885,1028.5067125217531,998.1883850858976,2.847619188892565,,,,,,,938.725325267258,75.36442363470587,943.3077401176764,1214.0945139637026,1138.7393104422742,0.2624544383783131,,,,,,,,,,,,
S5-CAM-F2A_20260427_11.jpg,S5-CAM-F2A,04/27/2026 11:00,416.3300323195493,24.95786028010229,322.3905278859701,1026.2155050965443,1005.654762727545,1.3878933549991077,,,,,,,931.8517029916304,70.78200878428743,938.725325267258,1211.8033065384934,1141.0420012479296,-0.1394207886440313,,,,,,,,,,,,
S5-CAM-F2A_20260504_12.jpg,S5-CAM-F2A,05/04/2026 12:00,418.62123974475855,22.666652854893076,320.09932046076085,1030.7979199469628,1012.933966390734,-0.0352387376048568,,,,,,,938.725325267258,70.78200878428743,938.725325267258,1214.0945139637026,1143.3125051794152,-0.5356786278119898,,,,,,,,,,,,
S5-CAM-F2B_20251128_11.jpg,S5-CAM-F2B,11/28/2025 10:00,,,,,,,,,,,,,1610.3461092235025,23.844078892848074,1537.850874285241,708.5212977542058,688.5045047902571,-0.3768306214560084,,,,,,,,,,,,
S5-CAM-F2B_20251205_13.jpg,S5-CAM-F2B,12/05/2025 12:00,,,,,,,,,,,,,1610.3461092235025,28.677094555398757,1541.0728847269415,703.688282091655,678.5564699649233,2.446121881487585,,,,,,,,,,,,
S5-CAM-F2B_20251212_14.jpg,S5-CAM-F2B,12/12/2025 13:00,,,,,,,,,,,,,1613.5681196652029,25.455084113698376,1541.0728847269415,706.9102925333555,685.3004889616175,0.5323725188361266,,,,,,,,,,,,
S5-CAM-F2B_20251219_15.jpg,S5-CAM-F2B,12/19/2025 14:00,,,,,,,,,,,,,1603.9020883401013,27.06608933454868,1537.850874285241,644.0810889201956,620.5403069839999,18.909360639066502,,,,,,,,,,,,
S5-CAM-F2B_20251227_09.jpg,S5-CAM-F2B,12/27/2025 08:00,,,,,,,,,,,,,1605.5130935609516,27.06608933454868,1555.5719317145938,531.3107234606779,506.7117234597577,51.210482459425634,,,,,,,,,,,,
S5-CAM-F2B_20260103_10.jpg,S5-CAM-F2B,01/03/2026 09:00,,,,,,,,,,,,,1603.9020883401013,30.28809977624905,1547.5169056103423,615.0829949448911,587.5069005950239,28.283245922322266,,,,,,,,,,,,
S5-CAM-F2B_20260110_11.jpg,S5-CAM-F2B,01/10/2026 10:00,,,,,,,,,,,,,1607.124098781802,25.455084113698376,1544.294895168642,602.194953178089,580.1520364482697,30.37033473095974,,,,,,,,,,,,
S5-CAM-F2B_20260117_13.jpg,S5-CAM-F2B,01/17/2026 12:00,,,,,,,,,,,,,1607.124098781802,27.06608933454868,1541.0728847269415,710.132302975056,686.2522969690522,0.2622780887214446,,,,,,,,,,,,
S5-CAM-F2B_20260124_14.jpg,S5-CAM-F2B,01/24/2026 13:00,,,,,,,,,,,,,1607.124098781802,30.28809977624905,1539.4618795060912,710.132302975056,683.2029834100075,1.1275813868003297,,,,,,,,,,,,
S5-CAM-F2B_20260131_15.jpg,S5-CAM-F2B,01/31/2026 14:00,,,,,,,,,,,,,1610.3461092235025,25.455084113698376,1539.4618795060912,711.7433081959061,689.9392006086777,-0.7839540606762796,,,,,,,,,,,,
S5-CAM-F2B_20260208_09.jpg,S5-CAM-F2B,02/08/2026 08:00,,,,,,,,,,,,,1607.124098781802,31.89910499709936,1537.850874285241,710.132302975056,681.7617255842081,1.5365669259709875,,,,,,,,,,,,
S5-CAM-F2B_20260215_10.jpg,S5-CAM-F2B,02/15/2026 09:00,,,,,,,,,,,,,1602.291083119251,31.89910499709936,1537.850874285241,703.688282091655,674.872757618761,3.491448437968927,,,,,,,,,,,,
S5-CAM-F2B_20260222_10.jpg,S5-CAM-F2B,02/22/2026 09:00,,,,,,,,,,,,,1594.2360570149997,28.677094555398757,1544.294895168642,568.3638435402337,541.9925337828781,41.19885166437675,,,,,,,,,,,,
S5-CAM-F2B_20260301_11.jpg,S5-CAM-F2B,03/01/2026 10:00,,,,,,,,,,,,,1584.5700256898983,25.455084113698376,1547.5169056103423,579.6408800861855,555.4231091386899,37.38765910400198,,,,,,,,,,,,
S5-CAM-F2B_20260308_13.jpg,S5-CAM-F2B,03/08/2026 13:00,,,,,,,,,,,,,1592.6250517941496,30.28809977624905,1529.7958481809897,679.5232037789012,652.2681420213611,9.905957162471369,,,,,,,,,,,,
S5-CAM-F2B_20260315_13.jpg,S5-CAM-F2B,03/15/2026 13:00,,,,,,,,,,,,,1584.5700256898983,30.28809977624905,1547.5169056103423,528.0887130189774,499.1777080884786,53.34840898692491,,,,,,,,,,,,
S5-CAM-F2B_20260322_14.jpg,S5-CAM-F2B,03/22/2026 14:00,,,,,,,,,,,,,1595.84706223585,30.28809977624905,1528.1848429601391,674.6901881163503,647.9446175209715,11.132843127811071,,,,,,,,,,,,
S5-CAM-F2B_20260329_15.jpg,S5-CAM-F2B,03/29/2026 15:00,,,,,,,,,,,,,1594.2360570149997,30.28809977624905,1541.0728847269415,600.5839479572387,572.7684325625883,32.46557901144294,,,,,,,,,,,,
S5-CAM-F2B_20260405_15.jpg,S5-CAM-F2B,04/05/2026 15:00,,,,,,,,,,,,,1592.6250517941496,28.677094555398757,1536.2398690643906,677.9121985580509,651.6789923733946,10.073140078749448,,,,,,,,,,,,
S5-CAM-F2B_20260413_09.jpg,S5-CAM-F2B,04/13/2026 09:00,,,,,,,,,,,,,1597.4580674567003,27.06608933454868,1537.850874285241,697.2442612082539,672.8237507206187,4.072894849568684,,,,,,,,,,,,
S5-CAM-F2B_20260420_10.jpg,S5-CAM-F2B,04/20/2026 10:00,,,,,,,,,,,,,1595.84706223585,25.455084113698376,1533.0178586226905,703.688282091655,681.1371225135729,1.713810455226195,,,,,,,,,,,,
S5-CAM-F2B_20260427_10.jpg,S5-CAM-F2B,04/27/2026 10:00,,,,,,,,,,,,,1597.4580674567003,28.677094555398757,1536.2398690643906,710.132302975056,684.1994364925176,0.8448180297426973,,,,,,,,,,,,
S5-CAM-F2B_20260504_11.jpg,S5-CAM-F2B,05/04/2026 11:00,,,,,,,,,,,,,1595.84706223585,27.06608933454868,1533.0178586226905,702.0772768708048,677.928913770294,2.6242034183409544,,,,,,,,,,,,
S5-CAM-F3_20251128_13.jpg,S5-CAM-F3,11/28/2025 12:00,205.5389492002984,27.24906770531152,297.1872462086684,1062.8748238998924,1039.67308190514,-0.1572169731188637,,,,,,,645.4507748404741,27.24906770531152,711.8957901715424,1023.924297671335,998.8876083374804,-2.3373830225869483,1064.7417336537665,27.24906770531152,1071.6153559293944,765.0178586226898,737.8008102021021,4.863935780204884,1131.186748984835,31.83148255573019,1197.6317643159032,872.7046076075245,843.4942516085788,6.418567330805786
S5-CAM-F3_20251205_14.jpg,S5-CAM-F3,12/05/2025 13:00,203.24774177508917,31.83148255573019,301.76966105908684,1072.0396536007293,1044.8634397318076,-1.22635361481872,,,,,,,647.7419822656833,31.83148255573019,723.3518272975886,1014.759467970498,985.831767177992,0.2811028102724151,1073.9065633546038,27.24906770531152,1085.3626004806497,783.3475180243638,756.1852334987148,-0.1604050787652511,1131.186748984835,29.54027513052074,1204.5053865915306,863.5397779066875,837.216097104801,8.045475876225396
S5-CAM-F3_20251212_15.jpg,S5-CAM-F3,12/12/2025 14:00,212.41257147592611,27.24906770531152,304.06086848429607,1069.7484461755198,1046.520121381001,-1.5676054348153912,,,,,,,650.0331896908925,31.83148255573019,725.6430347227978,1021.6330902461256,992.685283084342,-1.0934416627209202,1071.6153559293944,34.12268998093941,1080.7801856302312,792.5123477252008,758.4450323371518,-0.7779931017251442,1140.351578685672,29.54027513052074,1206.79659401674,879.5782298831523,852.6309075927185,4.050912363376824
S5-CAM-F3_20251220_09.jpg,S5-CAM-F3,12/20/2025 08:00,202.6749399187869,26.421687246208197,290.50455788514137,956.2700339769616,933.9871464372684,21.61251642377317,,,,,,,637.2406149001408,26.42168724620842,700.2488190933952,935.267299245877,911.0271018178938,15.283962762719938,1064.9326676058672,26.42168724620842,1068.7513466478829,690.8718405568904,664.4611264357115,24.907184555885408,1122.2128532360985,24.512347725200694,1190.9490759923758,784.429477086268,763.0194701415984,27.27264309154449
S5-CAM-F3_20260103_10.jpg,S5-CAM-F3,01/03/2026 09:00,207.8301566255076,29.54027513052074,278.8575868069944,762.7266511974806,736.6187330555662,62.26747889598804,,,,,,,643.1595674152649,29.54027513052074,709.604582746333,893.3254744344077,866.3370075200538,24.24702974236058,1073.9065633546038,27.24906770531152,1083.0713930554407,682.5343913151569,655.3494101942148,27.39735612498373,1131.186748984835,24.95786028010229,1211.3790088671583,783.3475180243638,762.6176443792081,27.37677142515099
S5-CAM-F3_20260110_11.jpg,S5-CAM-F3,01/10/2026 10:00,203.24774177508917,31.83148255573019,294.8960387834592,893.3254744344077,866.355186045304,35.54369601095502,,,,,,,650.0331896908925,31.83148255573019,714.1869975967517,879.5782298831523,850.1707232509515,27.489347553331925,1076.1977707798128,27.24906770531152,1085.3626004806497,655.0399022126459,627.8577275106683,34.910650524282886,1135.7691638352535,29.54027513052074,1202.2141791663216,790.2211402999916,763.577316777627,27.12808381721598
S5-CAM-F3_20260117_14.jpg,S5-CAM-F3,01/17/2026 13:00,246.7806828540648,31.83148255573019,310.93449075992373,1078.913275876357,1049.0452768934051,-2.087749974837436,,,,,,,682.1100936438221,31.83148255573019,734.8078644236349,1030.7979199469628,1000.355435872317,-2.6317712246260783,1117.4395044335793,20.37544542968385,1094.527430181487,838.3364962293858,818.2818852766362,-17.13100783846869,1165.5548603629736,29.54027513052074,1220.5438385679954,909.3639264108724,881.5403819884388,-3.440631673917068
S5-CAM-F3_20260124_15.jpg,S5-CAM-F3,01/24/2026 14:00,239.90706057843715,29.54027513052074,299.4784536338776,1094.9517278528217,1067.0755898540692,-5.80172671619394,,,,,,,672.9452639429852,22.666652854893076,725.6430347227978,1028.5067125217531,1007.219579176157,-4.008447133612577,1122.0219192839977,31.83148255573019,1085.3626004806497,833.7540813789673,802.7600887927475,-12.889003886514985,1156.3900306621367,31.83148255573019,1209.0878014419495,909.3639264108724,879.1133289079061,-2.811689937212492
S5-CAM-F3_20260131_15.jpg,S5-CAM-F3,01/31/2026 14:00,242.1982680036464,29.54027513052074,308.6432833347145,1099.53414270324,1072.0549504132575,-6.827401053849627,,,,,,,686.6925084942405,29.54027513052074,737.0990718488441,1072.0396536007293,1043.7172872670037,-11.32844516363329,1119.7307118587887,31.83148255573019,1096.818637606696,858.9573630562691,827.4431613955879,-19.63472379311804,1165.5548603629736,27.24906770531152,1220.5438385679954,923.111170962128,897.5481579145262,-7.588855078046834
S5-CAM-F3_20260208_09.jpg,S5-CAM-F3,02/08/2026 08:00,244.4894754288556,34.12268998093941,313.22569818513296,1085.7868981519846,1053.908096119786,-3.089418528433868,,,,,,,688.9837159194498,29.54027513052074,721.0606198723793,1037.6715422225905,1008.6414523783304,-4.293618712412552,1103.692259882324,27.24906770531152,1087.6538079058591,838.3364962293858,811.2459852915123,-15.208143073850325,1165.5548603629736,29.54027513052074,1215.961423717577,925.4023783873372,897.2790701230854,-7.51912419979277
S5-CAM-F3_20260215_10.jpg,S5-CAM-F3,02/15/2026 09:00,242.1982680036464,29.54027513052074,310.93449075992373,1069.7484461755198,1042.476717930709,-0.734724363750928,,,,,,,686.6925084942405,24.95786028010229,739.3902792740533,1033.089127372172,1009.5076556093192,-4.46734485238423,1117.4395044335793,29.54027513052074,1094.527430181487,840.627703654595,811.4109808576222,-15.25323526689769,1165.5548603629736,31.83148255573019,1222.8350459932049,923.111170962128,893.1184146750303,-6.440940173115138
S5-CAM-F3_20260222_11.jpg,S5-CAM-F3,02/22/2026 10:00,245.062277285158,28.01280351371497,294.7051048313583,961.6798292864838,934.9858423217702,21.40679990100287,,,,,,,682.3010275959228,29.92214303472269,714.7597994530539,929.2210574293528,899.8844977561472,17.518728835654315,1109.9930803016491,26.103463992707248,1090.899685091572,713.4656915554818,687.6273624723698,18.576006014702983,1161.545247368857,29.92214303472269,1205.4600563520344,805.1139885638518,776.4347415094755,23.796236192926585
S5-CAM-F3_20260301_13.jpg,S5-CAM-F3,03/01/2026 12:00,242.1982680036464,24.95786028010229,304.06086848429607,968.935319466313,946.0023386809796,19.137565232774705,,,,,,,672.9452639429852,31.83148255573019,721.0606198723793,948.3144526394298,917.745129068878,13.936591960136184,1117.4395044335793,29.54027513052074,1099.1098450319057,730.6497472445511,701.3490345767902,14.825964107196796,1167.8460677881826,31.83148255573019,1213.670216292368,829.1716665285488,798.6558843231181,18.037893178152014
S5-CAM-F3_20260308_13.jpg,S5-CAM-F3,03/08/2026 13:00,253.6543051296925,29.54027513052074,315.5169056103424,1053.7099941990552,1026.0363515953757,2.651746981589497,,,,,,,693.5661307698684,27.24906770531152,732.5166569984257,1023.924297671335,997.436041819879,-2.046256138048392,1124.3131267092072,29.54027513052074,1099.1098450319057,810.8420071268748,781.7081308441201,-7.135643513111347,1174.7196900638105,29.54027513052074,1225.126253418414,918.5287561117096,890.4163862746816,-5.740741875693743
S5-CAM-F3_20260315_14.jpg,S5-CAM-F3,03/15/2026 14:00,242.1982680036464,31.83148255573019,308.6432833347145,891.0342670091985,861.768161906054,36.48855487182905,,,,,,,677.5276787934037,27.24906770531152,727.934242148007,884.1606447335707,858.39284274409,25.840315281427053,1115.1482970083705,24.95786028010229,1105.983467307533,677.9519764647383,653.0584276121082,28.023466458104053,1164.9502361813209,29.794853733322043,1219.3133753211237,778.945429684263,751.1204539518013,30.356130621139076
S5-CAM-F3_20260322_15.jpg,S5-CAM-F3,03/22/2026 15:00,242.1982680036464,24.95786028010229,315.5169056103424,1035.3803347973812,1013.0790687947924,5.32075483838787,,,,,,,682.1100936438221,22.666652854893076,741.6814866992626,1014.759467970498,993.8797234447292,-1.332999200505185,1110.5658821579518,29.54027513052074,1108.2746747327424,797.0947625756193,767.5579071500554,-3.268481300698852,1160.9724455125552,24.95786028010229,1220.5438385679954,891.0342670091985,868.1227408398818,0.0363893249808597
S5-CAM-F3_20260406_10.jpg,S5-CAM-F3,04/06/2026 10:00,274.27517195657595,29.54027513052074,425.4948620203862,1161.3967431838898,1141.9135076428695,-21.217226527292155,,,,,,,727.934242148007,27.24906770531152,821.8737465815863,1147.6494986326345,1124.3316931027769,-27.496509482640448,1186.1757271898568,24.95786028010229,1190.7581420402753,891.0342670091985,866.0885294348633,-30.196246366711364,1229.7086682688328,24.95786028010229,1307.6097207259468,1033.089127372172,1011.1366008915847,-37.0239396126953
S5-CAM-F3_20260413_10.jpg,S5-CAM-F3,04/13/2026 10:00,267.40154968094805,29.54027513052074,425.4948620203862,1195.7648545620286,1176.891356530692,-28.422144019044424,,,,,,,714.1869975967517,31.83148255573019,835.6209911328418,1209.5120991132842,1183.9247650934176,-39.44852489381572,1181.5933123394384,34.12268998093941,1174.7196900638105,916.2375486865004,882.141638645586,-34.583454560280586,1225.126253418414,24.95786028010229,1305.3185133007378,1044.545164498218,1022.7360702878328,-40.02980317845066
S5-CAM-F3_20260420_11.jpg,S5-CAM-F3,04/20/2026 11:00,271.9839645313665,29.54027513052074,430.0772768708047,1232.4241733653766,1213.228407200861,-35.907036895442474,,,,,,,721.0606198723793,31.83148255573019,828.7473688572139,1172.8527803099362,1146.0916358806635,-31.860694156127977,1183.8845197646474,27.24906770531152,1193.0493494654847,902.4903041352449,875.289218516282,-32.71073362239645,1227.4174608436233,31.83148255573019,1307.6097207259468,1039.9627496477997,1011.3157025546948,-37.07035166356741
S5-CAM-F3_20260427_13.jpg,S5-CAM-F3,04/27/2026 13:00,269.6927571061573,31.83148255573019,423.203654595177,1230.1329659401674,1208.0943840318218,-34.84950435671195,,,,,,,723.3518272975886,29.54027513052074,821.8737465815863,1170.561572884727,1145.2668555878563,-31.69527582072124,1174.7196900638105,29.54027513052074,1181.5933123394384,907.0727189856632,877.5593636339179,-33.33114921478716,1215.961423717577,27.24906770531152,1300.736098450319,1042.253957073009,1018.5389884125074,-38.942179679429785
S5-CAM-F3_20260504_14.jpg,S5-CAM-F3,05/04/2026 14:00,262.8191348305296,31.83148255573019,427.7860694455954,1230.1329659401674,1209.603461716952,-35.16035195185361,,,,,,,725.6430347227978,34.12268998093941,824.1649540067955,1170.561572884727,1140.7014960781858,-30.77964510402137,1177.01089748902,27.24906770531152,1179.302104914229,923.111170962128,895.865033184794,-38.33396719778142,1218.2526311427864,31.83148255573019,1303.0273058755283,1044.545164498218,1016.2557488494484,-38.35050549330617
S5-CAM-F3_20260511_15.jpg,S5-CAM-F3,05/11/2026 15:00,260.5279274053204,29.54027513052074,418.62123974475855,1227.8417585149582,1208.685211495449,-34.97120604113934,,,,,,,721.0606198723793,29.54027513052074,824.1649540067955,1172.8527803099362,1147.9520844603803,-32.23382662528422,1172.4284826386015,29.54027513052074,1179.302104914229,904.781511560454,875.2682266771633,-32.704996692100224,1206.79659401674,27.24906770531152,1298.44489102511,1049.1275793486366,1025.9800694472149,-40.87044670682468
S5-F-WX_20260121_09.jpg,S5-F-WX,01/21/2026 08:00,878.9497389574874,27.06608933454868,920.8358746995939,536.1437391232287,510.7979070843694,89.87121837146998,1265.590991961548,25.455084113698376,1331.6422060164084,642.4700836993453,620.5403069839999,75.5730257652011,,,,,,,,,,,,,,,,,,
S5-F-WX_20260130_10.jpg,S5-F-WX,01/30/2026 09:00,867.6727024115355,31.899104997099357,924.0578851412945,626.3600314908429,597.129032922758,72.27217415947815,1267.2019971823984,28.677094555398753,1341.30823734151,756.8514543797132,731.9355389213384,53.595756864562816,,,,,,,,,,,,,,,,,,
S5-F-WX_20260208_13.jpg,S5-F-WX,02/08/2026 12:00,846.7296345404823,27.06608933454868,933.7239164663961,793.9045744592692,771.7572593478998,36.67331166727607,1255.9249606364467,33.51011021794966,1357.4182895500126,892.1758929311345,864.643176238848,27.413743687051863,,,,,,,,,,,,,,,,,,
S5-F-WX_20260217_14.jpg,S5-F-WX,02/17/2026 13:00,833.8415927736803,28.677094555398753,899.8928068285406,549.0317808900306,524.530039624552,87.0718524955747,1260.7579762989974,25.455084113698376,1333.2532112372587,677.9121985580509,656.4722730457127,68.4839747660427,,,,,,,,,,,,,,,,,,
S5-F-WX_20260226_16.jpg,S5-F-WX,02/26/2026 15:00,838.674608436231,27.06608933454868,874.1167232949367,334.76808651694694,309.7364405033646,130.85863287954734,1260.7579762989974,30.288099776249055,1310.6991381453552,479.7585563934698,452.2364547648244,108.77784928327385,,,,,,,,,,,,,,,,,,
S5-F-WX_20260307_17.jpg,S5-F-WX,03/07/2026 16:00,832.23058755283,27.06608933454868,907.9478329327919,598.9729427363885,576.8973480749612,76.39650721620211,1263.979986740698,30.288099776249055,1333.2532112372587,703.688282091655,676.953901809106,64.44313518047278,,,,,,,,,,,,,,,,,,
S5-F-WX_20260317_10.jpg,S5-F-WX,03/17/2026 10:00,684.0181072346068,31.899104997099357,756.5133421728681,484.5915720560205,458.4604986480799,100.54046837911619,1122.2115273058755,28.677094555398753,1214.03882489434,653.7471202452971,631.7790670783344,73.35572033473267,,,,,,,,,,,,,,,,,,
S5-F-WX_20260326_13.jpg,S5-F-WX,03/26/2026 13:00,693.6841385597083,27.06608933454868,711.405195989061,180.1115853153227,154.06803599843653,162.5924381170813,1128.6555481892767,25.455084113698376,1175.3746995939339,342.8231126211982,320.78831747229907,134.71137452958672,,,,,,,,,,,,,,,,,,
S5-F-WX_20260404_14.jpg,S5-F-WX,04/04/2026 14:00,700.1281594431093,25.455084113698376,774.234399602221,503.92363470622354,484.1734077132198,95.29875956249029,1130.2665534101268,30.288099776249055,1222.0938509985913,629.5820419325433,606.2882826573777,78.3848208982352,,,,,,,,,,,,,,,,,,
S5-F-WX_20260413_15.jpg,S5-F-WX,04/13/2026 15:00,706.5721803265103,27.06608933454868,814.5095301234771,776.1835170299164,756.8536132952773,39.71149660061036,1133.4885638518274,27.06608933454868,1252.702950194746,839.0127206430762,820.6518153299759,36.092840190420645,,,,,,,,,,,,,,,,,,
S5-F-WX_20260422_17.jpg,S5-F-WX,04/22/2026 17:00,832.23058755283,30.288099776249055,949.8339686748984,885.7318720477335,863.4897815083916,17.973165022574904,1257.5359658572968,27.06608933454868,1383.1943730836167,932.4510234523909,914.0634082131421,17.663580162620747,,,,,,,,,,,,,,,,,,
S5-F-WX_20260502_10.jpg,S5-F-WX,05/02/2026 10:00,843.5076240987819,28.677094555398753,959.5,940.5060495566422,919.1769549144872,6.621048189888597,1257.5359658572968,30.288099776249055,1362.2513052125632,871.2328250600813,847.4392799953213,30.807916375658067,,,,,,,,,,,,,,,,,,
S5-F-WX_20260511_13.jpg,S5-F-WX,05/11/2026 13:00,833.8415927736803,27.06608933454868,973.9990469876523,1017.8343001574543,1000.6326796327228,-9.98412041777729,1249.4809397530455,31.899104997099357,1373.5283417585151,961.4491174276955,937.7904795603483,12.98244419159903,,,,,,,,,,,,,,,,,,
S6-F-WX_20260223_10.jpg,S6-F-WX,02/23/2026 09:00,530.8904035800116,167.01272064307568,524.0167813043839,934.5672080881742,767.5852642412411,17.494204638084597,585.8793817850336,281.57309190353817,746.263901549681,1379.0614485787687,1109.1455662886792,16.77943697485742,785.2144277782382,40.99631225656708,865.6082290544459,874.0941824811468,836.967875522334,16.319019867242133,1685.8180575122237,51.77135162012064,1496.1060827048977,711.6390900803842,686.5974553156735,12.766382601063924,1578.5895500124307,32.5252092483629,1553.844509820171,904.1005137979612,871.9265040786646,17.630214416143048
S6-F-WX_20260226_13.jpg,S6-F-WX,02/26/2026 12:00,528.5991961548024,171.59513549349435,524.0167813043839,939.1496229385928,767.5681661735125,17.497624000868257,581.2969669346152,281.57309190353817,757.7199386757273,1420.3031822325352,1152.3156180398887,10.621192194818207,785.2144277782382,47.86993453219475,863.1154802353527,881.8694373083615,837.6298374609273,16.182841097744614,1678.7853236098454,50.16114195740397,1490.9063147426868,721.4849175437141,697.1184502223165,10.295738333013276,1575.6809894754288,29.54027513052074,1566.5161597745919,923.111170962128,893.6178937223372,13.61573053540124
S6-F-WX_20260301_15.jpg,S6-F-WX,03/01/2026 14:00,526.3079887295931,173.88634291870358,519.4343664539655,941.440830363802,767.585264241241,17.494204638084625,588.1705892102428,279.28188447832895,753.1375238253089,1427.1768045081628,1159.688249895889,9.569479959122475,785.2144277782382,45.578727106985525,865.4066876605619,868.1221927571061,826.443314104933,18.48413199796113,1676.494116184636,57.034764233031865,1495.4887295931053,705.4464655672493,673.2018155072695,15.91207946748932,1577.9721969006382,29.54027513052074,1559.6425374989644,932.276000662965,902.9217942692322,11.893832612442225
S6-F-WX_20260305_12.jpg,S6-F-WX,03/05/2026 11:00,530.8904035800116,173.88634291870358,526.3079887295931,966.6441120411038,792.7710129853299,12.457424266110678,588.1705892102428,281.57309190353817,760.0111461009366,1447.797671335046,1178.8167570333826,6.840782066697244,785.2144277782382,47.86993453219475,870.947308085412,885.9831112707137,842.4866905705371,15.183689573259215,1678.2379108618861,56.57967551540855,1488.0676945695182,739.3594882277653,708.7686391285996,7.559925541692422,1577.424784152679,26.793978987688433,1568.259954451842,943.2769490713886,916.5287930866577,9.375548707392284
S6-F-WX_20260308_14.jpg,S6-F-WX,03/08/2026 14:00,526.3079887295931,171.59513549349435,526.3079887295931,980.3913565923592,808.7962210988649,9.25261767079374,590.4617966354521,281.57309190353817,755.4287312505181,1491.3306124140217,1220.9534585511296,0.8299455806727281,789.7968426286567,50.16114195740397,869.9891025109804,904.781511560454,858.3744955935539,11.915251296205923,1678.7853236098454,57.034764233031865,1481.74148504185,762.7266511974806,732.6850030163403,1.9436480055678373,1575.6809894754288,31.83148255573019,1564.2249523493829,973.5177343167314,941.755933107043,4.706693985187144
S6-F-WX_20260312_11.jpg,S6-F-WX,03/12/2026 11:00,526.8807905858955,165.7309880942513,520.6400790033426,884.8978619375154,719.1939508328402,27.171757607665427,583.648283196597,277.72789425706446,749.9899422667881,1384.8393221181732,1119.5379677540582,15.296952023366742,791.2316759205546,59.604947377143844,868.2162454075853,837.6989889782046,781.8931906048144,27.64898067808366,1678.3108173807354,54.18242313748215,1500.7422419270185,686.1738045910332,656.4630265447021,19.842847742870276,1579.0251622883345,27.451669843374248,1567.5691251622884,873.2890776497886,845.9149846357541,22.44423634984733
S6-F-WX_20260315_14.jpg,S6-F-WX,03/15/2026 14:00,505.49830943896575,164.70878428772642,512.1279605535758,850.2147095384104,685.5379827753512,33.902457617190805,573.1207508079887,272.10913234441,750.5302146349547,1407.3705892102428,1149.0399006564153,11.088476079348027,764.8502610425123,56.512878097289786,852.3616557553655,775.697431010193,724.4892444702829,39.45811696394574,1659.0576033811221,35.82836661970646,1491.9903952929476,651.5903621446921,638.0237355704644,24.17294474953772,1554.043929725698,27.872785282174277,1558.8172785282172,850.4798955829951,822.6209593587179,26.75532432200646
S6-F-WX_20260319_10.jpg,S6-F-WX,03/19/2026 10:00,514.851951603547,164.72151321786646,524.0167813043839,918.5287561117095,753.8629540855969,20.238465416367376,572.132137233778,276.9906770531197,764.5935609513549,1447.7976713350458,1186.5202979632818,5.741865368779656,773.758390652192,52.45234938261342,856.2418579597249,820.0068368277119,771.973713008533,29.6896150021511,1658.164456782962,36.413897406148635,1488.6151073174776,716.9025026932957,701.2928944669378,9.315453974282292,1561.9337449241737,29.540275130520968,1559.6425374989642,920.8199635369189,891.2826333982229,14.04792345076973
S6-F-WX_20260322_13.jpg,S6-F-WX,03/22/2026 13:00,512.5607441783376,164.72151321786646,524.0167813043839,923.111170962128,758.4761787690445,19.31588813771694,574.4233446589875,270.11705477749206,766.8847683765642,1461.5449158863016,1206.8727140198794,2.838575822961218,776.0495980774014,38.70510483135786,851.6594431093066,833.7540813789673,798.6361648304877,24.204617044993427,1658.1644567829621,27.249067705311518,1481.74148504185,714.6112952680863,709.6420906612185,7.3548129984744435,1559.6425374989644,27.249067705311518,1559.6425374989644,929.9847932377558,902.7357255324442,11.928268854509497
S6-F-WX_20260325_15.jpg,S6-F-WX,03/25/2026 15:00,512.5607441783376,167.01272064307568,517.1431590287563,893.3254744344077,726.3272092148342,25.745210548385387,574.4233446589875,267.82584735228284,755.4287312505181,1466.12733073672,1211.8949604056004,2.122148083490856,771.4671832269829,34.12268998093941,856.241857959725,813.133214552084,783.6096878348635,27.29586297296197,1660.4556642081711,24.957860280102295,1477.1590701914315,705.4464655672493,704.7427781139612,8.505318114167153,1555.0601226485455,27.249067705311518,1555.0601226485455,927.6935858125465,900.444518107235,12.3523087812747
S6-F-WX_20260329_12.jpg,S6-F-WX,03/29/2026 12:00,510.26953675312836,157.8478909422388,521.7470834139026,841.8475594596832,684.0959586266565,34.19084129805171,572.0181072346071,273.93543916834665,759.8971161017654,1430.9951888990172,1172.2140531574034,7.782663417980416,765.1159774591866,36.73182600848918,844.6717908345078,751.143030118873,718.8271669881832,40.62291919706266,1662.5055523328087,36.73182600848929,1498.620576779647,654.0849378009812,638.7355868056306,24.005780789334892,1562.265227479904,27.185128403450676,1555.9007624098786,900.7079592644769,873.5460162184296,17.330486944249657
S6-F-WX_20260401_12.jpg,S6-F-WX,04/01/2026 12:00,524.0167813043839,157.8478909422388,514.851951603547,831.462873953758,673.6773259068876,36.274415041240644,585.8793817850336,260.95222507665494,746.263901549681,1418.0119748073257,1168.1226214002274,8.366309655115401,785.2144277782382,36.413897406148635,849.3682356840972,753.5618214966436,720.0117055271587,40.379236001314496,1676.494116184636,47.86993453219475,1497.7799370183147,684.8255987403661,661.5521717914353,18.647764231787136,1580.2634043258477,27.249067705311518,1550.477707798127,925.4023783873373,898.6470704379583,12.684967260667861
S6-F-WX_20260404_14.jpg,S6-F-WX,04/04/2026 14:00,524.0167813043839,155.55668351702957,514.851951603547,872.7046076075245,717.2064829118262,27.569222043454346,588.1705892102428,263.24343250186416,753.1375238253089,1470.7097455871385,1218.6833004320843,1.1537855766737266,785.2144277782382,34.12268998093941,856.241857959725,783.3475180243638,752.584041017935,33.67845713747241,1683.3677384602638,50.16114195740397,1486.3238998922684,703.1552581420401,682.0759415852199,13.828169255290334,1582.5546117510567,27.249067705311518,1552.7689152233365,952.8968674898482,926.1269011121507,7.599201014278975
S6-F-WX_20260408_11.jpg,S6-F-WX,04/08/2026 11:00,526.3079887295931,155.55668351702957,514.851951603547,911.6551338360817,756.1852334987146,19.774043592538305,588.1705892102428,265.5346399270736,756.803455705643,1502.7866495400679,1248.6911463423805,-3.126859290334693,787.8493163172287,29.132949366039384,857.8584320875112,816.7355017817189,790.7079466292405,25.835609608172973,1678.8744261208253,56.18192591364868,1481.576008950029,733.997455871385,705.9465688492213,8.222632046319632,1583.40745007044,27.54183309853306,1553.1762409878183,991.7582912074256,964.6902632921382,0.46217575209499273
S6-F-WX_20260411_13.jpg,S6-F-WX,04/11/2026 13:00,526.3079887295931,155.55668351702957,514.851951603547,959.770489765476,804.2953978155334,10.152716317911711,585.8793817850336,270.11705477749206,748.5551089748902,1479.8745752879756,1220.6459972688322,0.8738051953816637,792.0880500538661,34.12268998093941,860.8242728101435,858.9573630562691,827.6937273086503,18.226897070213596,1676.494116184636,50.16114195740397,1470.2854479158036,769.6002734731084,748.4080964455665,-1.7486045809641553,1580.2634043258477,29.54027513052074,1550.477707798127,994.1386011436148,965.0580906167796,0.3941009588278632
S6-F-WX_20260415_10.jpg,S6-F-WX,04/15/2026 10:00,528.5991961548024,153.26547609182035,519.4343664539655,978.10014916715,824.8855872245139,6.034980414002206,590.4617966354521,260.95222507665494,743.9726941244718,1463.8361233115108,1212.6397932941866,2.015897035320421,792.0880500538661,34.12268998093941,863.1154802353527,884.1606447335707,853.0002463998604,13.020841511446065,1678.7853236098454,45.578727106985525,1470.2854479158036,762.7266511974806,746.8422478621154,-1.3808965018645267,1577.9721969006382,27.249067705311518,1548.186500372918,984.9737714427778,958.1877664981216,1.6656103403335294
S6-F-WX_20260418_12.jpg,S6-F-WX,04/18/2026 12:00,530.8904035800116,160.139098367448,512.5607441783376,991.8473937184054,831.910250549527,4.630150773451788,585.8793817850336,265.5346399270736,743.9726941244718,1486.7481975636033,1231.4040964532012,-0.660846848287207,789.7968426286567,29.54027513052074,867.6978950857712,904.781511560454,878.7011983156302,7.733643256148099,1678.7853236098454,45.578727106985525,1470.2854479158036,769.6002734731084,753.4450197372219,-2.9314248151305833,1582.5546117510567,24.957860280102295,1550.477707798127,989.5561862931962,965.1315238424598,0.38051047404812266
S6-F-WX_20260421_15.jpg,S6-F-WX,04/21/2026 15:00,524.0167813043839,155.55668351702957,514.851951603547,1019.3418828209165,863.8338177218468,-1.7540944666136227,590.4617966354521,267.82584735228284,753.1375238253089,1491.3306124140217,1234.271972599852,-1.069951831799699,787.5056352034475,34.12268998093941,869.9891025109804,943.7320377890112,913.3414958266696,0.6074433720499712,1678.7853236098454,54.74355680782264,1470.2854479158036,781.0563105991546,755.6470171213401,-3.448519658689463,1582.5546117510567,24.957860280102295,1552.7689152233365,987.264978867987,962.7679773458186,0.8179383875205701
S6-F-WX_20260425_06.jpg,S6-F-WX,04/25/2026 06:11,524.0167813043839,150.97426866661112,521.7255738791747,1003.3034308444517,852.3322417521497,0.5460520440012147,585.8793817850336,260.95222507665494,760.0111461009366,1498.2042346896496,1249.445639727941,-3.234488416655381,787.5056352034475,34.12268998093941,872.2803099361898,946.0232452142205,915.8326092200522,0.09497167721133337,1681.0765310350544,50.16114195740397,1472.5766553410126,767.309066047899,746.8422478621154,-1.3808965018645267,1580.2634043258477,22.666652854893073,1550.477707798127,987.264978867987,965.0580906167795,0.39410095882789165
S6-F-WX_20260428_11.jpg,S6-F-WX,04/28/2026 11:00,521.7255738791747,155.55668351702957,517.1431590287563,1005.594638269661,850.0503061854033,1.0024056902431084,590.4617966354521,267.82584735228284,750.8463164000995,1489.0394049888125,1231.7003481104512,-0.7031074004021605,792.0880500538661,31.83148255573019,872.2803099361898,948.3144526394298,919.984691719636,-0.7591944805091941,1683.3677384602638,50.16114195740397,1463.4118256401757,813.133214552084,794.0447009734024,-12.465444232583081,1580.2634043258477,24.957860280102295,1555.0601226485455,991.8473937184054,967.2179564502744,-0.005631225949827012
S6-F-WX_20260501_14.jpg,S6-F-WX,05/01/2026 14:00,526.3079887295931,157.8478909422388,512.5607441783376,1003.3034308444517,845.567298731505,1.8989414327632517,585.8793817850336,263.24343250186416,748.5551089748902,1475.292160437557,1222.9168046548707,0.5498725808891436,787.5056352034475,36.413897406148635,872.2803099361898,946.0232452142205,913.5512635292386,0.5642899731145974,1681.0765310350544,52.45234938261342,1470.2854479158036,767.309066047899,745.2871970482648,-1.0157240620088999,1577.9721969006382,27.249067705311518,1555.0601226485455,984.9737714427778,957.9987324081128,1.7005953883049472
S6-F-WX_20260505_10.jpg,S6-F-WX,05/05/2026 10:00,521.7255738791747,157.8478909422388,514.851951603547,1005.594638269661,847.7746129057016,1.4575109706261173,581.2969669346152,267.82584735228284,748.5551089748902,1475.292160437557,1218.9955632874592,1.1092410134613715,789.7968426286567,34.12268998093941,867.6978950857712,955.1880749150575,924.3538377146283,-1.6580149272215579,1674.2029087594265,50.16114195740397,1472.5766553410126,765.0178586226898,742.7471113569,-0.4192359722974004,1584.845819176266,24.957860280102295,1557.351330073755,984.9737714427778,960.4095462960112,1.2544195714752675
S6-F-WX_20260508_13.jpg,S6-F-WX,05/08/2026 13:00,524.0167813043839,155.55668351702957,514.851951603547,1014.759467970498,859.2516621549466,-0.8377305556097667,590.4617966354521,267.82584735228284,746.263901549681,1470.7097455871385,1212.9319719293358,1.974217503289367,785.2144277782382,31.83148255573019,869.9891025109804,948.3144526394298,920.3954475818975,-0.8436951513567124,1683.3677384602638,50.16114195740397,1474.867862766222,765.0178586226898,744.6424131930062,-0.8643095284726883,1575.6809894754288,29.54027513052074,1548.186500372918,989.5561862931962,960.4095462960112,1.2544195714752675
