site,period,date,stake,point1,point2,distance_cm,axis
CTRL1,start,11/21/2026,1,ground,grad3,126,slant
CTRL1,start,11/22/2026,1,ground,top,186,slant
CTRL1,start,11/23/2026,2,ground,grad5,124,slant
CTRL1,start,11/21/2026,2,ground,top,224.5,slant
CTRL1,start,11/22/2026,3,ground,grad3,126,slant
CTRL1,start,11/23/2026,3,ground,top,186,slant
CC1,start,11/21/2026,1,ground,grad3,119,slant
CC1,start,11/22/2026,1,ground,top,179,slant
CC1,start,11/23/2026,2,ground,grad3,121.5,slant
CC1,start,11/21/2026,2,ground,top,181.5,slant
CC1,start,11/22/2026,3,ground,grad5,112,slant
CC1,start,11/23/2026,3,ground,top,213,slant
CTRL2,start,11/21/2026,1,ground,grad3,123,slant
CTRL2,start,11/22/2026,1,ground,top,183,slant
CTRL2,start,11/23/2026,2,ground,grad5,115,slant
CTRL2,start,11/21/2026,2,ground,top,216,slant
CTRL2,start,11/22/2026,3,ground,grad3,117.5,slant
CTRL2,start,11/23/2026,3,ground,top,177.5,slant
CC2,start,11/21/2026,1,ground,grad5,129,slant
CC2,start,11/22/2026,1,ground,top,229,slant
CC2,start,11/23/2026,2,ground,grad5,121,slant
CC2,start,11/21/2026,2,ground,top,220,slant
CC2,start,11/22/2026,3,ground,grad3,121,slant
CC2,start,11/23/2026,3,ground,top,181,slant
S5-CAM-F1A,start,11/23/2026,1,ground,top,200,slant
S5-CAM-F1A,start,11/23/2026,2,ground,top,198,slant
S5-CAM-F1A,start,11/23/2026,3,ground,top,206,slant
S5-CAM-F1B,start,11/23/2026,1,ground,grad3,140,slant
S5-CAM-F1B,start,11/23/2026,1,ground,top,195.5,slant
S5-CAM-F1B,start,11/23/2026,2,ground,grad5,118,slant
S5-CAM-F1B,start,11/23/2026,2,ground,top,198.5,slant
S5-CAM-F1B,start,11/23/2026,3,ground,grad3,137.5,slant
S5-CAM-F1B,start,11/23/2026,3,ground,top,198,slant
S5-F-WX,start,11/23/2026,1,ground,top,198,slant
S5-F-WX,start,11/23/2026,2,ground,top,199,slant
CTRL1,end,5/13/2026,1,ground,top,187,slant
CTRL1,end,5/13/2026,1,ground,grad2,146,slant
CTRL1,end,5/13/2026,1,ground,top,187,vertical
CTRL1,end,5/13/2026,1,ground,grad2,148,vertical
CTRL1,end,5/13/2026,2,ground,top,223,slant
CTRL1,end,5/13/2026,2,ground,grad4,142,slant
CTRL1,end,5/13/2026,3,ground,top,185,slant
CTRL1,end,5/13/2026,3,ground,grad2,145,slant
CTRL1,end,5/13/2026,3,ground,top,187,vertical
CTRL1,end,5/13/2026,3,ground,grad2,146,vertical
CTRL2,end,5/13/2026,1,ground,top,178,vertical
CTRL2,end,5/13/2026,1,ground,grad2,140,vertical
CTRL2,end,5/13/2026,1,ground,top,183.5,slant
CTRL2,end,5/13/2026,1,ground,grad2,142,slant
CTRL2,end,5/13/2026,2,ground,top,219,vertical
CTRL2,end,5/13/2026,2,ground,grad4,137,vertical
CTRL2,end,5/13/2026,2,ground,top,216,slant
CTRL2,end,5/13/2026,2,ground,grad4,136.5,slant
CTRL2,end,5/13/2026,3,ground,top,176,vertical
CTRL2,end,5/13/2026,3,ground,grad2,136,vertical
CC1,end,5/13/2026,1,ground,top,177,slant
CC1,end,5/13/2026,1,ground,grad2,137,slant
CC1,end,5/13/2026,2,ground,top,182,slant
CC1,end,5/13/2026,2,ground,grad2,141.5,slant
CC1,end,5/13/2026,3,ground,top,214.5,slant
CC1,end,5/13/2026,3,ground,grad4,132,slant
CC2,end,5/13/2026,2,ground,top,220,vertical
CC2,end,5/13/2026,2,ground,grad4,140,vertical
CC2,end,5/13/2026,2,ground,top,226,slant
CC2,end,5/13/2026,2,ground,grad4,150,slant
CC2,end,5/13/2026,3,ground,top,181,vertical
CC2,end,5/13/2026,3,ground,grad2,141,vertical
S5-F-WX,end,5/13/2026,1,ground,top,190,slant
S5-F-WX,end,5/13/2026,1,ground,grad1,51,slant
S5-F-WX,end,5/13/2026,2,ground,top,197,slant
S5-F-WX,end,5/13/2026,2,ground,grad1,59,slant
S5-F-WX,end,5/13/2026,2,ground,top,195,vertical
S5-F-WX,end,5/13/2026,2,ground,grad1,56,vertical
S5-CAM-F1A,end,5/13/2026,1,ground,top,199,slant
S5-CAM-F1A,end,5/13/2026,1,ground,grad1,57,slant
S5-CAM-F1A,end,5/13/2026,2,ground,top,191,vertical
S5-CAM-F1A,end,5/13/2026,2,ground,grad1,71.5,vertical
S5-CAM-F1A,end,5/13/2026,2,ground,top,197,slant
S5-CAM-F1A,end,5/13/2026,2,ground,grad1,78,slant
S5-CAM-F1A,end,5/13/2026,3,ground,top,203,vertical
S5-CAM-F1A,end,5/13/2026,3,ground,grad1,184,vertical
S5-CAM-F1B,end,5/13/2026,1,ground,top,204,vertical
S5-CAM-F1B,end,5/13/2026,1,ground,grad2,161,vertical
S5-CAM-F1B,end,5/13/2026,1,ground,top,199,slant
S5-CAM-F1B,end,5/13/2026,1,ground,grad2,159,slant
S5-CAM-F1B,end,5/13/2026,2,ground,top,183.5,vertical
S5-CAM-F1B,end,5/13/2026,2,ground,grad3,127,vertical
S5-CAM-F1B,end,5/13/2026,2,ground,top,199.5,slant
S5-CAM-F1B,end,5/13/2026,2,ground,grad3,139,slant
S5-CAM-F1B,end,5/13/2026,3,ground,top,184,vertical
S5-CAM-F1B,end,5/13/2026,3,ground,grad2,146.5,vertical
S5-CAM-F1B,end,5/13/2026,3,ground,top,197.5,slant
S5-CAM-F1B,end,5/13/2026,3,ground,grad2,156.5,slant
S5-CAM-F2A,end,5/13/2026,1,ground,top,108.5,vertical
S5-CAM-F2A,end,5/13/2026,1,ground,grad1,53,vertical
S5-CAM-F2A,end,5/13/2026,1,ground,top,198,slant
S5-CAM-F2A,end,5/13/2026,1,ground,grad1,57.5,slant
S5-CAM-F2A,end,5/13/2026,2,ground,top,197,vertical
S5-CAM-F2A,end,5/13/2026,2,ground,grad2,156.5,vertical
S5-CAM-F2A,end,5/13/2026,3,ground,top,199,slant
S5-CAM-F2A,end,5/13/2026,3,ground,grad1,59,slant
S5-CAM-F2B,end,5/13/2026,1,ground,top,191,vertical
S5-CAM-F2B,end,5/13/2026,1,ground,grad3_vis,150,vertical
S5-CAM-F2B,end,5/13/2026,2,ground,top,185,vertical
S5-CAM-F2B,end,5/13/2026,2,ground,grad1_vis,145,vertical
S5-CAM-F2B,end,5/13/2026,3,ground,top,195,slant
S5-CAM-F2B,end,5/13/2026,3,ground,grad1,57,slant
S5-CAM-F3,end,5/13/2026,1,ground,top,250,vertical
S5-CAM-F3,end,5/13/2026,1,ground,grad1,75,vertical
S5-CAM-F3,end,5/13/2026,1,ground,top,214,slant
S5-CAM-F3,end,5/13/2026,1,ground,grad1,70.5,slant
S5-CAM-F3,end,5/13/2026,2,ground,top,197,vertical
S5-CAM-F3,end,5/13/2026,2,ground,grad1,58,vertical
S5-CAM-F3,end,5/13/2026,3,ground,top,212,vertical
S5-CAM-F3,end,5/13/2026,3,ground,top,198,slant
S5-CAM-F3,end,5/13/2026,3,ground,grad1,58,slant
S5-CAM-F3,end,5/13/2026,4,ground,top,194,vertical
S5-CAM-F3,end,5/13/2026,4,ground,top,206.5,slant
S5-CAM-F3,end,5/13/2026,4,ground,grad1,61,slant
S5-CAM-F3,end,5/13/2026,5,ground,top,229,vertical
S5-CAM-F3,end,5/13/2026,5,ground,grad1,82,vertical
S5-CAM-F3,end,5/13/2026,5,ground,top,225,slant
S5-CAM-F3,end,5/13/2026,5,ground,grad1,81,slant
S6-F-WX,end,5/13/2026,1,ground,top,165,vertical
S6-F-WX,end,5/13/2026,1,ground,grad2,126,vertical
S6-F-WX,end,5/13/2026,1,ground,top,171,slant
S6-F-WX,end,5/13/2026,1,ground,grad2,131,slant
S6-F-WX,end,5/13/2026,2,ground,top,193.5,vertical
S6-F-WX,end,5/13/2026,2,ground,grad2,146,vertical
S6-F-WX,end,5/13/2026,2,ground,top,175,slant
S6-F-WX,end,5/13/2026,2,ground,grad2,135,slant
S6-F-WX,end,5/13/2026,3,ground,top,192,vertical
S6-F-WX,end,5/13/2026,3,ground,grad2,150.5,vertical
S6-F-WX,end,5/13/2026,3,ground,top,188.5,slant
S6-F-WX,end,5/13/2026,3,ground,grad2,148.5,slant
S6-F-WX,end,5/13/2026,4,ground,top,163,vertical
S6-F-WX,end,5/13/2026,4,ground,grad2,127,vertical
S6-F-WX,end,5/13/2026,4,ground,top,174,slant
S6-F-WX,end,5/13/2026,4,ground,grad2,134,slant
S6-F-WX,end,5/13/2026,5,ground,top,184,vertical
S6-F-WX,end,5/13/2026,5,ground,grad2,141.5,vertical
S6-F-WX,end,5/13/2026,5,ground,top,179,slant
S6-F-WX,end,5/13/2026,5,ground,grad2,138,slant
